“互联网+”:从跨界到颠覆	http://sso.cdclib.org/interlibSSO/goto/6/=06190596Z93/kns55/detail.aspx?QueryID=3&CurRec=1&dbcode=cjfq&dbname=CJFDLAST2016&filename=RJSJ201512001	软件和集成电路	2015	2015年12期
如何成功实现数字政府的转型?	http://sso.cdclib.org/interlibSSO/goto/6/=06190596Z93/kns55/detail.aspx?QueryID=3&CurRec=2&dbcode=cjfq&dbname=CJFDLAST2016&filename=RJSJ201512002	软件和集成电路	2015	2015年12期
微信企业号方案带来商业机会	http://sso.cdclib.org/interlibSSO/goto/6/=06190596Z93/kns55/detail.aspx?QueryID=3&CurRec=3&dbcode=cjfq&dbname=CJFDLAST2016&filename=RJSJ201512003	软件和集成电路	2015	2015年12期
精准医疗重构医疗服务	http://sso.cdclib.org/interlibSSO/goto/6/=06190596Z93/kns55/detail.aspx?QueryID=3&CurRec=4&dbcode=cjfq&dbname=CJFDLAST2016&filename=RJSJ201512004	软件和集成电路	2015	2015年12期
可视化分析:洞见数据的秘诀	http://sso.cdclib.org/interlibSSO/goto/6/=06190596Z93/kns55/detail.aspx?QueryID=3&CurRec=5&dbcode=cjfq&dbname=CJFDLAST2016&filename=RJSJ201512005	软件和集成电路	2015	2015年12期
数字化转型 SAP支招创新之道	http://sso.cdclib.org/interlibSSO/goto/6/=06190596Z93/kns55/detail.aspx?QueryID=3&CurRec=6&dbcode=cjfq&dbname=CJFDLAST2016&filename=RJSJ201512006	软件和集成电路	2015	2015年12期
BIM引领建筑行业信息化大放异彩	http://sso.cdclib.org/interlibSSO/goto/6/=06190596Z93/kns55/detail.aspx?QueryID=3&CurRec=7&dbcode=cjfq&dbname=CJFDLAST2016&filename=RJSJ201512007	软件和集成电路	2015	2015年12期
产品和服务的三个根本问题	http://sso.cdclib.org/interlibSSO/goto/6/=06190596Z93/kns55/detail.aspx?QueryID=3&CurRec=8&dbcode=cjfq&dbname=CJFDLAST2016&filename=RJSJ201512008	软件和集成电路	2015	2015年12期
“互联网+”从跨界到颠覆	http://sso.cdclib.org/interlibSSO/goto/6/=06190596Z93/kns55/detail.aspx?QueryID=3&CurRec=9&dbcode=cjfq&dbname=CJFDLAST2016&filename=RJSJ201512009	软件和集成电路	2015	2015年12期
企业应对“互联网+”的转型之道	http://sso.cdclib.org/interlibSSO/goto/6/=06190596Z93/kns55/detail.aspx?QueryID=3&CurRec=10&dbcode=cjfq&dbname=CJFDLAST2016&filename=RJSJ201512010	软件和集成电路	2015	2015年12期
开疆破土 三问“互联网+”	http://sso.cdclib.org/interlibSSO/goto/6/=06190596Z93/kns55/detail.aspx?QueryID=3&CurRec=11&dbcode=cjfq&dbname=CJFDLAST2016&filename=RJSJ201512011	软件和集成电路	2015	2015年12期
吕翊:“三架马车”拉动“IT+管理”	http://sso.cdclib.org/interlibSSO/goto/6/=06190596Z93/kns55/detail.aspx?QueryID=3&CurRec=12&dbcode=cjfq&dbname=CJFDLAST2016&filename=RJSJ201512012	软件和集成电路	2015	2015年12期
全球打响无缝零售之战	http://sso.cdclib.org/interlibSSO/goto/6/=06190596Z93/kns55/detail.aspx?QueryID=3&CurRec=13&dbcode=cjfq&dbname=CJFDLAST2016&filename=RJSJ201512013	软件和集成电路	2015	2015年12期
移动医疗产业迎来新契机	http://sso.cdclib.org/interlibSSO/goto/6/=06190596Z93/kns55/detail.aspx?QueryID=3&CurRec=14&dbcode=cjfq&dbname=CJFDLAST2016&filename=RJSJ201512014	软件和集成电路	2015	2015年12期
HP缘何一分为二?	http://sso.cdclib.org/interlibSSO/goto/6/=06190596Z93/kns55/detail.aspx?QueryID=3&CurRec=15&dbcode=cjfq&dbname=CJFDLAST2016&filename=RJSJ201512015	软件和集成电路	2015	2015年12期
惠普式救赎:家业拆开了就能卖?	http://sso.cdclib.org/interlibSSO/goto/6/=06190596Z93/kns55/detail.aspx?QueryID=3&CurRec=16&dbcode=cjfq&dbname=CJFDLAST2016&filename=RJSJ201512016	软件和集成电路	2015	2015年12期
HP拆分的逻辑	http://sso.cdclib.org/interlibSSO/goto/6/=06190596Z93/kns55/detail.aspx?QueryID=3&CurRec=17&dbcode=cjfq&dbname=CJFDLAST2016&filename=RJSJ201512017	软件和集成电路	2015	2015年12期
精益开发:新时代的研究体系	http://sso.cdclib.org/interlibSSO/goto/6/=06190596Z93/kns55/detail.aspx?QueryID=3&CurRec=18&dbcode=cjfq&dbname=CJFDLAST2016&filename=RJSJ201512018	软件和集成电路	2015	2015年12期
郭子华:科技英才的企业移动化之旅	http://sso.cdclib.org/interlibSSO/goto/6/=06190596Z93/kns55/detail.aspx?QueryID=3&CurRec=19&dbcode=cjfq&dbname=CJFDLAST2016&filename=RJSJ201512019	软件和集成电路	2015	2015年12期
对我国集成电路产业投融资的再思考	http://sso.cdclib.org/interlibSSO/goto/6/=06190596Z93/kns55/detail.aspx?QueryID=8&CurRec=1&dbcode=cjfq&dbname=CJFDLAST2015&filename=RJSJ201511001	软件和集成电路	2015	2015年11期
云上创客进入“快消时代”	http://sso.cdclib.org/interlibSSO/goto/6/=06190596Z93/kns55/detail.aspx?QueryID=8&CurRec=2&dbcode=cjfq&dbname=CJFDLAST2015&filename=RJSJ201511002	软件和集成电路	2015	2015年11期
曙光云转型:向服务提供商迈进	http://sso.cdclib.org/interlibSSO/goto/6/=06190596Z93/kns55/detail.aspx?QueryID=8&CurRec=3&dbcode=cjfq&dbname=CJFDLAST2015&filename=RJSJ201511003	软件和集成电路	2015	2015年11期
“移动平台+快速开发”将成标准模式	http://sso.cdclib.org/interlibSSO/goto/6/=06190596Z93/kns55/detail.aspx?QueryID=8&CurRec=4&dbcode=cjfq&dbname=CJFDLAST2015&filename=RJSJ201511004	软件和集成电路	2015	2015年11期
探索API经济转型 上汽通用内外开花	http://sso.cdclib.org/interlibSSO/goto/6/=06190596Z93/kns55/detail.aspx?QueryID=8&CurRec=5&dbcode=cjfq&dbname=CJFDLAST2015&filename=RJSJ201511005	软件和集成电路	2015	2015年11期
未来工厂究竟有多远?	http://sso.cdclib.org/interlibSSO/goto/6/=06190596Z93/kns55/detail.aspx?QueryID=8&CurRec=6&dbcode=cjfq&dbname=CJFDLAST2015&filename=RJSJ201511006	软件和集成电路	2015	2015年11期
开源:数字化的未来	http://sso.cdclib.org/interlibSSO/goto/6/=06190596Z93/kns55/detail.aspx?QueryID=8&CurRec=7&dbcode=cjfq&dbname=CJFDLAST2015&filename=RJSJ201511007	软件和集成电路	2015	2015年11期
不可阻挡的OpenStack	http://sso.cdclib.org/interlibSSO/goto/6/=06190596Z93/kns55/detail.aspx?QueryID=8&CurRec=8&dbcode=cjfq&dbname=CJFDLAST2015&filename=RJSJ201511008	软件和集成电路	2015	2015年11期
Hadoop宝刀未老	http://sso.cdclib.org/interlibSSO/goto/6/=06190596Z93/kns55/detail.aspx?QueryID=8&CurRec=9&dbcode=cjfq&dbname=CJFDLAST2015&filename=RJSJ201511009	软件和集成电路	2015	2015年11期
Docker:无限风光在险峰	http://sso.cdclib.org/interlibSSO/goto/6/=06190596Z93/kns55/detail.aspx?QueryID=8&CurRec=10&dbcode=cjfq&dbname=CJFDLAST2015&filename=RJSJ201511010	软件和集成电路	2015	2015年11期
宋关福:续写GIS自主创新的精彩华章	http://sso.cdclib.org/interlibSSO/goto/6/=06190596Z93/kns55/detail.aspx?QueryID=8&CurRec=11&dbcode=cjfq&dbname=CJFDLAST2015&filename=RJSJ201511011	软件和集成电路	2015	2015年11期
集成电路发展“黄金十年”即将到来	http://sso.cdclib.org/interlibSSO/goto/6/=06190596Z93/kns55/detail.aspx?QueryID=8&CurRec=12&dbcode=cjfq&dbname=CJFDLAST2015&filename=RJSJ201511012	软件和集成电路	2015	2015年11期
三大战略构建软件驱动型业务	http://sso.cdclib.org/interlibSSO/goto/6/=06190596Z93/kns55/detail.aspx?QueryID=8&CurRec=13&dbcode=cjfq&dbname=CJFDLAST2015&filename=RJSJ201511013	软件和集成电路	2015	2015年11期
670亿美元戴尔收购EMC到底为何?	http://sso.cdclib.org/interlibSSO/goto/6/=06190596Z93/kns55/detail.aspx?QueryID=8&CurRec=14&dbcode=cjfq&dbname=CJFDLAST2015&filename=RJSJ201511014	软件和集成电路	2015	2015年11期
资本的力量:又一个人定胜天的“梦想”	http://sso.cdclib.org/interlibSSO/goto/6/=06190596Z93/kns55/detail.aspx?QueryID=8&CurRec=15&dbcode=cjfq&dbname=CJFDLAST2015&filename=RJSJ201511015	软件和集成电路	2015	2015年11期
Dell兼并EMC是好事吗?	http://sso.cdclib.org/interlibSSO/goto/6/=06190596Z93/kns55/detail.aspx?QueryID=8&CurRec=16&dbcode=cjfq&dbname=CJFDLAST2015&filename=RJSJ201511016	软件和集成电路	2015	2015年11期
资本豪赌还是IT盛宴?	http://sso.cdclib.org/interlibSSO/goto/6/=06190596Z93/kns55/detail.aspx?QueryID=8&CurRec=17&dbcode=cjfq&dbname=CJFDLAST2015&filename=RJSJ201511017	软件和集成电路	2015	2015年11期
“全组织、全核算”贯穿管理运营轨道	http://sso.cdclib.org/interlibSSO/goto/6/=06190596Z93/kns55/detail.aspx?QueryID=8&CurRec=18&dbcode=cjfq&dbname=CJFDLAST2015&filename=RJSJ201511018	软件和集成电路	2015	2015年11期
韦佳壮:迎来互联网+医疗希望之春	http://sso.cdclib.org/interlibSSO/goto/6/=06190596Z93/kns55/detail.aspx?QueryID=8&CurRec=19&dbcode=cjfq&dbname=CJFDLAST2015&filename=RJSJ201511019	软件和集成电路	2015	2015年11期
艾漫数据:走在互联网+影视前沿	http://sso.cdclib.org/interlibSSO/goto/6/=06190596Z93/kns55/detail.aspx?QueryID=8&CurRec=20&dbcode=cjfq&dbname=CJFDLAST2015&filename=RJSJ201511020	软件和集成电路	2015	2015年11期
数字化医疗变革	http://sso.cdclib.org/interlibSSO/goto/6/=06190596Z93/kns55/detail.aspx?QueryID=13&CurRec=1&dbcode=cjfq&dbname=CJFDLAST2015&filename=RJSJ201510001	软件和集成电路	2015	2015年10期
从Verizon并购案看电信企业转型	http://sso.cdclib.org/interlibSSO/goto/6/=06190596Z93/kns55/detail.aspx?QueryID=13&CurRec=2&dbcode=cjfq&dbname=CJFDLAST2015&filename=RJSJ201510002	软件和集成电路	2015	2015年10期
存储器的新星:MRAM	http://sso.cdclib.org/interlibSSO/goto/6/=06190596Z93/kns55/detail.aspx?QueryID=13&CurRec=3&dbcode=cjfq&dbname=CJFDLAST2015&filename=RJSJ201510003	软件和集成电路	2015	2015年10期
云计算赋能者之道	http://sso.cdclib.org/interlibSSO/goto/6/=06190596Z93/kns55/detail.aspx?QueryID=13&CurRec=4&dbcode=cjfq&dbname=CJFDLAST2015&filename=RJSJ201510004	软件和集成电路	2015	2015年10期
敏捷运维创造应用经济时代新体验	http://sso.cdclib.org/interlibSSO/goto/6/=06190596Z93/kns55/detail.aspx?QueryID=13&CurRec=5&dbcode=cjfq&dbname=CJFDLAST2015&filename=RJSJ201510005	软件和集成电路	2015	2015年10期
身份管理成巩固应用经济安全关键方案	http://sso.cdclib.org/interlibSSO/goto/6/=06190596Z93/kns55/detail.aspx?QueryID=13&CurRec=6&dbcode=cjfq&dbname=CJFDLAST2015&filename=RJSJ201510006	软件和集成电路	2015	2015年10期
数字化医疗变革	http://sso.cdclib.org/interlibSSO/goto/6/=06190596Z93/kns55/detail.aspx?QueryID=13&CurRec=7&dbcode=cjfq&dbname=CJFDLAST2015&filename=RJSJ201510007	软件和集成电路	2015	2015年10期
数字化医疗时代制胜之道	http://sso.cdclib.org/interlibSSO/goto/6/=06190596Z93/kns55/detail.aspx?QueryID=13&CurRec=8&dbcode=cjfq&dbname=CJFDLAST2015&filename=RJSJ201510008	软件和集成电路	2015	2015年10期
国内移动互联网医疗的变化和趋势	http://sso.cdclib.org/interlibSSO/goto/6/=06190596Z93/kns55/detail.aspx?QueryID=13&CurRec=9&dbcode=cjfq&dbname=CJFDLAST2015&filename=RJSJ201510009	软件和集成电路	2015	2015年10期
医疗数字化建设进入集成和标准时代	http://sso.cdclib.org/interlibSSO/goto/6/=06190596Z93/kns55/detail.aspx?QueryID=13&CurRec=10&dbcode=cjfq&dbname=CJFDLAST2015&filename=RJSJ201510010	软件和集成电路	2015	2015年10期
张先民:河清海晏正当时	http://sso.cdclib.org/interlibSSO/goto/6/=06190596Z93/kns55/detail.aspx?QueryID=13&CurRec=11&dbcode=cjfq&dbname=CJFDLAST2015&filename=RJSJ201510011	软件和集成电路	2015	2015年10期
物联网激活中国经济	http://sso.cdclib.org/interlibSSO/goto/6/=06190596Z93/kns55/detail.aspx?QueryID=13&CurRec=12&dbcode=cjfq&dbname=CJFDLAST2015&filename=RJSJ201510012	软件和集成电路	2015	2015年10期
云管理平台仍处于萌芽阶段	http://sso.cdclib.org/interlibSSO/goto/6/=06190596Z93/kns55/detail.aspx?QueryID=13&CurRec=13&dbcode=cjfq&dbname=CJFDLAST2015&filename=RJSJ201510013	软件和集成电路	2015	2015年10期
海尔的“微商”宏图能否成真?	http://sso.cdclib.org/interlibSSO/goto/6/=06190596Z93/kns55/detail.aspx?QueryID=13&CurRec=14&dbcode=cjfq&dbname=CJFDLAST2015&filename=RJSJ201510014	软件和集成电路	2015	2015年10期
"蚂蚁雄兵"策略有效吗?	http://sso.cdclib.org/interlibSSO/goto/6/=06190596Z93/kns55/detail.aspx?QueryID=13&CurRec=15&dbcode=cjfq&dbname=CJFDLAST2015&filename=RJSJ201510015	软件和集成电路	2015	2015年10期
海尔做“微商” 葫芦里卖的什么药?	http://sso.cdclib.org/interlibSSO/goto/6/=06190596Z93/kns55/detail.aspx?QueryID=13&CurRec=16&dbcode=cjfq&dbname=CJFDLAST2015&filename=RJSJ201510016	软件和集成电路	2015	2015年10期
“微商”引领数字化营销新时代	http://sso.cdclib.org/interlibSSO/goto/6/=06190596Z93/kns55/detail.aspx?QueryID=13&CurRec=17&dbcode=cjfq&dbname=CJFDLAST2015&filename=RJSJ201510017	软件和集成电路	2015	2015年10期
漫谈企业执行力	http://sso.cdclib.org/interlibSSO/goto/6/=06190596Z93/kns55/detail.aspx?QueryID=13&CurRec=18&dbcode=cjfq&dbname=CJFDLAST2015&filename=RJSJ201510018	软件和集成电路	2015	2015年10期
服务器芯片市场你追我赶	http://sso.cdclib.org/interlibSSO/goto/6/=06190596Z93/kns55/detail.aspx?QueryID=13&CurRec=19&dbcode=cjfq&dbname=CJFDLAST2015&filename=RJSJ201510019	软件和集成电路	2015	2015年10期
顾玮:企业广域网的守护者	http://sso.cdclib.org/interlibSSO/goto/6/=06190596Z93/kns55/detail.aspx?QueryID=13&CurRec=20&dbcode=cjfq&dbname=CJFDLAST2015&filename=RJSJ201510020	软件和集成电路	2015	2015年10期
让传统产业插上“互联网+”翅膀	http://sso.cdclib.org/interlibSSO/goto/6/=06190596Z93/kns55/detail.aspx?QueryID=18&CurRec=1&dbcode=cjfq&dbname=CJFDLAST2015&filename=RJSJ201509001	软件和信息服务	2015	2015年09期
“互联网+”时代的政府信息安全	http://sso.cdclib.org/interlibSSO/goto/6/=06190596Z93/kns55/detail.aspx?QueryID=18&CurRec=2&dbcode=cjfq&dbname=CJFDLAST2015&filename=RJSJ201509002	软件和信息服务	2015	2015年09期
首席信息官面临IT风险新挑战	http://sso.cdclib.org/interlibSSO/goto/6/=06190596Z93/kns55/detail.aspx?QueryID=18&CurRec=3&dbcode=cjfq&dbname=CJFDLAST2015&filename=RJSJ201509003	软件和信息服务	2015	2015年09期
决战云计算之巅	http://sso.cdclib.org/interlibSSO/goto/6/=06190596Z93/kns55/detail.aspx?QueryID=18&CurRec=4&dbcode=cjfq&dbname=CJFDLAST2015&filename=RJSJ201509004	软件和信息服务	2015	2015年09期
“人+生活”时代人力资源管理的十大创新	http://sso.cdclib.org/interlibSSO/goto/6/=06190596Z93/kns55/detail.aspx?QueryID=18&CurRec=5&dbcode=cjfq&dbname=CJFDLAST2015&filename=RJSJ201509005	软件和信息服务	2015	2015年09期
安全大数据分析:构建企业安全生态	http://sso.cdclib.org/interlibSSO/goto/6/=06190596Z93/kns55/detail.aspx?QueryID=18&CurRec=6&dbcode=cjfq&dbname=CJFDLAST2015&filename=RJSJ201509006	软件和信息服务	2015	2015年09期
让传统产业插上“互联网+”翅膀	http://sso.cdclib.org/interlibSSO/goto/6/=06190596Z93/kns55/detail.aspx?QueryID=18&CurRec=7&dbcode=cjfq&dbname=CJFDLAST2015&filename=RJSJ201509007	软件和信息服务	2015	2015年09期
“互联网+制造”的机遇和挑战	http://sso.cdclib.org/interlibSSO/goto/6/=06190596Z93/kns55/detail.aspx?QueryID=18&CurRec=8&dbcode=cjfq&dbname=CJFDLAST2015&filename=RJSJ201509008	软件和信息服务	2015	2015年09期
传统能源企业的互联网梦想	http://sso.cdclib.org/interlibSSO/goto/6/=06190596Z93/kns55/detail.aspx?QueryID=18&CurRec=9&dbcode=cjfq&dbname=CJFDLAST2015&filename=RJSJ201509009	软件和信息服务	2015	2015年09期
“互联网+”全渠道行动力	http://sso.cdclib.org/interlibSSO/goto/6/=06190596Z93/kns55/detail.aspx?QueryID=18&CurRec=10&dbcode=cjfq&dbname=CJFDLAST2015&filename=RJSJ201509010	软件和信息服务	2015	2015年09期
左春:疾行于行业应用软件之路	http://sso.cdclib.org/interlibSSO/goto/6/=06190596Z93/kns55/detail.aspx?QueryID=18&CurRec=11&dbcode=cjfq&dbname=CJFDLAST2015&filename=RJSJ201509011	软件和信息服务	2015	2015年09期
容器技术日渐火热	http://sso.cdclib.org/interlibSSO/goto/6/=06190596Z93/kns55/detail.aspx?QueryID=18&CurRec=12&dbcode=cjfq&dbname=CJFDLAST2015&filename=RJSJ201509012	软件和信息服务	2015	2015年09期
如何成为数据驱动型企业?	http://sso.cdclib.org/interlibSSO/goto/6/=06190596Z93/kns55/detail.aspx?QueryID=18&CurRec=13&dbcode=cjfq&dbname=CJFDLAST2015&filename=RJSJ201509013	软件和信息服务	2015	2015年09期
红领开疆破土迈向“互联网+”时代	http://sso.cdclib.org/interlibSSO/goto/6/=06190596Z93/kns55/detail.aspx?QueryID=18&CurRec=14&dbcode=cjfq&dbname=CJFDLAST2015&filename=RJSJ201509014	软件和信息服务	2015	2015年09期
“红领模式”能够复制吗?	http://sso.cdclib.org/interlibSSO/goto/6/=06190596Z93/kns55/detail.aspx?QueryID=18&CurRec=15&dbcode=cjfq&dbname=CJFDLAST2015&filename=RJSJ201509015	软件和信息服务	2015	2015年09期
红领的秘籍:工夫在诗外	http://sso.cdclib.org/interlibSSO/goto/6/=06190596Z93/kns55/detail.aspx?QueryID=18&CurRec=16&dbcode=cjfq&dbname=CJFDLAST2015&filename=RJSJ201509016	软件和信息服务	2015	2015年09期
摸索中前行的“红领模式”	http://sso.cdclib.org/interlibSSO/goto/6/=06190596Z93/kns55/detail.aspx?QueryID=18&CurRec=17&dbcode=cjfq&dbname=CJFDLAST2015&filename=RJSJ201509017	软件和信息服务	2015	2015年09期
GRC保障企业健康运营	http://sso.cdclib.org/interlibSSO/goto/6/=06190596Z93/kns55/detail.aspx?QueryID=18&CurRec=18&dbcode=cjfq&dbname=CJFDLAST2015&filename=RJSJ201509018	软件和信息服务	2015	2015年09期
手机芯片市场发展之路	http://sso.cdclib.org/interlibSSO/goto/6/=06190596Z93/kns55/detail.aspx?QueryID=18&CurRec=19&dbcode=cjfq&dbname=CJFDLAST2015&filename=RJSJ201509019	软件和信息服务	2015	2015年09期
黄允松:不要妄想当天才	http://sso.cdclib.org/interlibSSO/goto/6/=06190596Z93/kns55/detail.aspx?QueryID=18&CurRec=20&dbcode=cjfq&dbname=CJFDLAST2015&filename=RJSJ201509020	软件和信息服务	2015	2015年09期
大数据战略	http://sso.cdclib.org/interlibSSO/goto/6/=06190596Z93/kns55/detail.aspx?QueryID=23&CurRec=1&dbcode=cjfq&dbname=CJFDLAST2015&filename=RJSJ201508001	软件和信息服务	2015	2015年08期
“工业4.0”吹响“智造”升级的号角	http://sso.cdclib.org/interlibSSO/goto/6/=06190596Z93/kns55/detail.aspx?QueryID=23&CurRec=2&dbcode=cjfq&dbname=CJFDLAST2015&filename=RJSJ201508002	软件和信息服务	2015	2015年08期
全联接:改变世界的驱动力	http://sso.cdclib.org/interlibSSO/goto/6/=06190596Z93/kns55/detail.aspx?QueryID=23&CurRec=3&dbcode=cjfq&dbname=CJFDLAST2015&filename=RJSJ201508003	软件和信息服务	2015	2015年08期
顺势而为 追逐云计算发展浪潮	http://sso.cdclib.org/interlibSSO/goto/6/=06190596Z93/kns55/detail.aspx?QueryID=23&CurRec=4&dbcode=cjfq&dbname=CJFDLAST2015&filename=RJSJ201508004	软件和信息服务	2015	2015年08期
企业组织运行的逻辑	http://sso.cdclib.org/interlibSSO/goto/6/=06190596Z93/kns55/detail.aspx?QueryID=23&CurRec=5&dbcode=cjfq&dbname=CJFDLAST2015&filename=RJSJ201508005	软件和信息服务	2015	2015年08期
以ERP为核心的信息化多极应用	http://sso.cdclib.org/interlibSSO/goto/6/=06190596Z93/kns55/detail.aspx?QueryID=23&CurRec=6&dbcode=cjfq&dbname=CJFDLAST2015&filename=RJSJ201508006	软件和信息服务	2015	2015年08期
大数据战略	http://sso.cdclib.org/interlibSSO/goto/6/=06190596Z93/kns55/detail.aspx?QueryID=23&CurRec=7&dbcode=cjfq&dbname=CJFDLAST2015&filename=RJSJ201508007	软件和信息服务	2015	2015年08期
金融机构如何驾驭大数据?	http://sso.cdclib.org/interlibSSO/goto/6/=06190596Z93/kns55/detail.aspx?QueryID=23&CurRec=8&dbcode=cjfq&dbname=CJFDLAST2015&filename=RJSJ201508008	软件和信息服务	2015	2015年08期
传统企业如何实施大数据战略?	http://sso.cdclib.org/interlibSSO/goto/6/=06190596Z93/kns55/detail.aspx?QueryID=23&CurRec=9&dbcode=cjfq&dbname=CJFDLAST2015&filename=RJSJ201508009	软件和信息服务	2015	2015年08期
大数据国家战略实施势在必行	http://sso.cdclib.org/interlibSSO/goto/6/=06190596Z93/kns55/detail.aspx?QueryID=23&CurRec=10&dbcode=cjfq&dbname=CJFDLAST2015&filename=RJSJ201508010	软件和信息服务	2015	2015年08期
葛珂:领跑WPS变所未变	http://sso.cdclib.org/interlibSSO/goto/6/=06190596Z93/kns55/detail.aspx?QueryID=23&CurRec=11&dbcode=cjfq&dbname=CJFDLAST2015&filename=RJSJ201508011	软件和信息服务	2015	2015年08期
借力电子商务 数字运营开启新模式	http://sso.cdclib.org/interlibSSO/goto/6/=06190596Z93/kns55/detail.aspx?QueryID=23&CurRec=12&dbcode=cjfq&dbname=CJFDLAST2015&filename=RJSJ201508012	软件和信息服务	2015	2015年08期
“互联网+”医疗 疏通用户“心塞”	http://sso.cdclib.org/interlibSSO/goto/6/=06190596Z93/kns55/detail.aspx?QueryID=23&CurRec=13&dbcode=cjfq&dbname=CJFDLAST2015&filename=RJSJ201508013	软件和信息服务	2015	2015年08期
全面转型互联网 用友胜算多少?	http://sso.cdclib.org/interlibSSO/goto/6/=06190596Z93/kns55/detail.aspx?QueryID=23&CurRec=14&dbcode=cjfq&dbname=CJFDLAST2015&filename=RJSJ201508014	软件和信息服务	2015	2015年08期
转型有机遇也有挑战	http://sso.cdclib.org/interlibSSO/goto/6/=06190596Z93/kns55/detail.aspx?QueryID=23&CurRec=15&dbcode=cjfq&dbname=CJFDLAST2015&filename=RJSJ201508015	软件和信息服务	2015	2015年08期
主动转型需要勇气也需要机遇	http://sso.cdclib.org/interlibSSO/goto/6/=06190596Z93/kns55/detail.aspx?QueryID=23&CurRec=16&dbcode=cjfq&dbname=CJFDLAST2015&filename=RJSJ201508016	软件和信息服务	2015	2015年08期
敲鼓芯,有未来	http://sso.cdclib.org/interlibSSO/goto/6/=06190596Z93/kns55/detail.aspx?QueryID=23&CurRec=17&dbcode=cjfq&dbname=CJFDLAST2015&filename=RJSJ201508017	软件和信息服务	2015	2015年08期
拥抱互联网 用友上演大逆转	http://sso.cdclib.org/interlibSSO/goto/6/=06190596Z93/kns55/detail.aspx?QueryID=23&CurRec=18&dbcode=cjfq&dbname=CJFDLAST2015&filename=RJSJ201508018	软件和信息服务	2015	2015年08期
“互联网+”重构企业发展路径	http://sso.cdclib.org/interlibSSO/goto/6/=06190596Z93/kns55/detail.aspx?QueryID=23&CurRec=19&dbcode=cjfq&dbname=CJFDLAST2015&filename=RJSJ201508019	软件和信息服务	2015	2015年08期
开源在中国的发展	http://sso.cdclib.org/interlibSSO/goto/6/=06190596Z93/kns55/detail.aspx?QueryID=23&CurRec=20&dbcode=cjfq&dbname=CJFDLAST2015&filename=RJSJ201508020	软件和信息服务	2015	2015年08期
魏晓光:创新开元 诚信铸鼎	http://sso.cdclib.org/interlibSSO/goto/6/=06190596Z93/kns55/detail.aspx?QueryID=23&CurRec=21&dbcode=cjfq&dbname=CJFDLAST2015&filename=RJSJ201508021	软件和信息服务	2015	2015年08期
谁主沉浮?	http://sso.cdclib.org/interlibSSO/goto/6/=06190596Z93/kns55/detail.aspx?QueryID=28&CurRec=1&dbcode=cjfq&dbname=CJFDLAST2016&filename=RJSJ201507002	软件和信息服务	2015	2015年07期
大数据征信:向互联网金融进军	http://sso.cdclib.org/interlibSSO/goto/6/=06190596Z93/kns55/detail.aspx?QueryID=28&CurRec=2&dbcode=cjfq&dbname=CJFDLAST2016&filename=RJSJ201507003	软件和信息服务	2015	2015年07期
2015,滴滴顺风车站在风口	http://sso.cdclib.org/interlibSSO/goto/6/=06190596Z93/kns55/detail.aspx?QueryID=28&CurRec=3&dbcode=cjfq&dbname=CJFDLAST2016&filename=RJSJ201507004	软件和信息服务	2015	2015年07期
“互联网+”下的转型思考	http://sso.cdclib.org/interlibSSO/goto/6/=06190596Z93/kns55/detail.aspx?QueryID=28&CurRec=4&dbcode=cjfq&dbname=CJFDLAST2016&filename=RJSJ201507005	软件和信息服务	2015	2015年07期
传统企业开启自我颠覆模式	http://sso.cdclib.org/interlibSSO/goto/6/=06190596Z93/kns55/detail.aspx?QueryID=28&CurRec=5&dbcode=cjfq&dbname=CJFDLAST2016&filename=RJSJ201507006	软件和信息服务	2015	2015年07期
实现数据价值的管理秘籍	http://sso.cdclib.org/interlibSSO/goto/6/=06190596Z93/kns55/detail.aspx?QueryID=28&CurRec=6&dbcode=cjfq&dbname=CJFDLAST2016&filename=RJSJ201507007	软件和信息服务	2015	2015年07期
移动芯片之争鹿死谁手	http://sso.cdclib.org/interlibSSO/goto/6/=06190596Z93/kns55/detail.aspx?QueryID=28&CurRec=7&dbcode=cjfq&dbname=CJFDLAST2016&filename=RJSJ201507008	软件和信息服务	2015	2015年07期
手机芯片厂商“火拼”中国市场	http://sso.cdclib.org/interlibSSO/goto/6/=06190596Z93/kns55/detail.aspx?QueryID=28&CurRec=8&dbcode=cjfq&dbname=CJFDLAST2016&filename=RJSJ201507009	软件和信息服务	2015	2015年07期
移动芯片之争鹿死谁手	http://sso.cdclib.org/interlibSSO/goto/6/=06190596Z93/kns55/detail.aspx?QueryID=28&CurRec=9&dbcode=cjfq&dbname=CJFDLAST2016&filename=RJSJ201507010	软件和信息服务	2015	2015年07期
中国“芯”势力——本土手机芯片厂商的挑战与机会	http://sso.cdclib.org/interlibSSO/goto/6/=06190596Z93/kns55/detail.aspx?QueryID=28&CurRec=10&dbcode=cjfq&dbname=CJFDLAST2016&filename=RJSJ201507011	软件和信息服务	2015	2015年07期
宋家瑜:理性与热忱的双重表达	http://sso.cdclib.org/interlibSSO/goto/6/=06190596Z93/kns55/detail.aspx?QueryID=28&CurRec=11&dbcode=cjfq&dbname=CJFDLAST2016&filename=RJSJ201507012	软件和信息服务	2015	2015年07期
人机协作助力企业数字化创新	http://sso.cdclib.org/interlibSSO/goto/6/=06190596Z93/kns55/detail.aspx?QueryID=28&CurRec=12&dbcode=cjfq&dbname=CJFDLAST2016&filename=RJSJ201507013	软件和信息服务	2015	2015年07期
物联网企业瞄准“集成性创新”	http://sso.cdclib.org/interlibSSO/goto/6/=06190596Z93/kns55/detail.aspx?QueryID=28&CurRec=13&dbcode=cjfq&dbname=CJFDLAST2016&filename=RJSJ201507014	软件和信息服务	2015	2015年07期
“太阳”为何日薄西山	http://sso.cdclib.org/interlibSSO/goto/6/=06190596Z93/kns55/detail.aspx?QueryID=28&CurRec=14&dbcode=cjfq&dbname=CJFDLAST2016&filename=RJSJ201507015	软件和信息服务	2015	2015年07期
大时代,谁抛弃了谁?	http://sso.cdclib.org/interlibSSO/goto/6/=06190596Z93/kns55/detail.aspx?QueryID=28&CurRec=15&dbcode=cjfq&dbname=CJFDLAST2016&filename=RJSJ201507016	软件和信息服务	2015	2015年07期
创新才是IT企业的出路	http://sso.cdclib.org/interlibSSO/goto/6/=06190596Z93/kns55/detail.aspx?QueryID=28&CurRec=16&dbcode=cjfq&dbname=CJFDLAST2016&filename=RJSJ201507017	软件和信息服务	2015	2015年07期
IT丛林中的生存之道	http://sso.cdclib.org/interlibSSO/goto/6/=06190596Z93/kns55/detail.aspx?QueryID=28&CurRec=17&dbcode=cjfq&dbname=CJFDLAST2016&filename=RJSJ201507018	软件和信息服务	2015	2015年07期
封闭花园里长不出参天大树	http://sso.cdclib.org/interlibSSO/goto/6/=06190596Z93/kns55/detail.aspx?QueryID=28&CurRec=18&dbcode=cjfq&dbname=CJFDLAST2016&filename=RJSJ201507019	软件和信息服务	2015	2015年07期
精益管理撬动大时代企业创新	http://sso.cdclib.org/interlibSSO/goto/6/=06190596Z93/kns55/detail.aspx?QueryID=28&CurRec=19&dbcode=cjfq&dbname=CJFDLAST2016&filename=RJSJ201507020	软件和信息服务	2015	2015年07期
MSN退出中国市场始末	http://sso.cdclib.org/interlibSSO/goto/6/=06190596Z93/kns55/detail.aspx?QueryID=28&CurRec=20&dbcode=cjfq&dbname=CJFDLAST2016&filename=RJSJ201507021	软件和信息服务	2015	2015年07期
冯颉:“企业级老兵”向死而生	http://sso.cdclib.org/interlibSSO/goto/6/=06190596Z93/kns55/detail.aspx?QueryID=28&CurRec=21&dbcode=cjfq&dbname=CJFDLAST2016&filename=RJSJ201507022	软件和信息服务	2015	2015年07期
融合才是创新之道	http://sso.cdclib.org/interlibSSO/goto/6/=06190596Z93/kns55/detail.aspx?QueryID=33&CurRec=1&dbcode=cjfq&dbname=CJFDLAST2015&filename=RJSJ201506001	软件和信息服务	2015	2015年06期
从Uber被查看“互联网+”实施之困	http://sso.cdclib.org/interlibSSO/goto/6/=06190596Z93/kns55/detail.aspx?QueryID=33&CurRec=2&dbcode=cjfq&dbname=CJFDLAST2015&filename=RJSJ201506002	软件和信息服务	2015	2015年06期
万物互联驱动IC产业创新与合作	http://sso.cdclib.org/interlibSSO/goto/6/=06190596Z93/kns55/detail.aspx?QueryID=33&CurRec=3&dbcode=cjfq&dbname=CJFDLAST2015&filename=RJSJ201506003	软件和信息服务	2015	2015年06期
互联网时代传统企业如何进行模式创新	http://sso.cdclib.org/interlibSSO/goto/6/=06190596Z93/kns55/detail.aspx?QueryID=33&CurRec=4&dbcode=cjfq&dbname=CJFDLAST2015&filename=RJSJ201506004	软件和信息服务	2015	2015年06期
大型集团型企业职能管控的“抓手”在哪?	http://sso.cdclib.org/interlibSSO/goto/6/=06190596Z93/kns55/detail.aspx?QueryID=33&CurRec=5&dbcode=cjfq&dbname=CJFDLAST2015&filename=RJSJ201506005	软件和信息服务	2015	2015年06期
O2O:从销售到生产管理	http://sso.cdclib.org/interlibSSO/goto/6/=06190596Z93/kns55/detail.aspx?QueryID=33&CurRec=6&dbcode=cjfq&dbname=CJFDLAST2015&filename=RJSJ201506006	软件和信息服务	2015	2015年06期
“互联网+”时代的软件创新	http://sso.cdclib.org/interlibSSO/goto/6/=06190596Z93/kns55/detail.aspx?QueryID=33&CurRec=7&dbcode=cjfq&dbname=CJFDLAST2015&filename=RJSJ201506007	软件和信息服务	2015	2015年06期
三大新软件战略助力企业“互联网+”转型	http://sso.cdclib.org/interlibSSO/goto/6/=06190596Z93/kns55/detail.aspx?QueryID=33&CurRec=8&dbcode=cjfq&dbname=CJFDLAST2015&filename=RJSJ201506008	软件和信息服务	2015	2015年06期
“互联网+”时代的软件创新	http://sso.cdclib.org/interlibSSO/goto/6/=06190596Z93/kns55/detail.aspx?QueryID=33&CurRec=9&dbcode=cjfq&dbname=CJFDLAST2015&filename=RJSJ201506009	软件和信息服务	2015	2015年06期
企业互联网化规则与路径	http://sso.cdclib.org/interlibSSO/goto/6/=06190596Z93/kns55/detail.aspx?QueryID=33&CurRec=10&dbcode=cjfq&dbname=CJFDLAST2015&filename=RJSJ201506010	软件和信息服务	2015	2015年06期
胡才勇:软件人生二十年	http://sso.cdclib.org/interlibSSO/goto/6/=06190596Z93/kns55/detail.aspx?QueryID=33&CurRec=11&dbcode=cjfq&dbname=CJFDLAST2015&filename=RJSJ201506011	软件和信息服务	2015	2015年06期
产业物联网助推发展与繁荣	http://sso.cdclib.org/interlibSSO/goto/6/=06190596Z93/kns55/detail.aspx?QueryID=33&CurRec=12&dbcode=cjfq&dbname=CJFDLAST2015&filename=RJSJ201506012	软件和信息服务	2015	2015年06期
洗牌与整合——中国集成电路产业将步入全球第一梯队	http://sso.cdclib.org/interlibSSO/goto/6/=06190596Z93/kns55/detail.aspx?QueryID=33&CurRec=13&dbcode=cjfq&dbname=CJFDLAST2015&filename=RJSJ201506013	软件和信息服务	2015	2015年06期
百万赔偿只为一“芯”	http://sso.cdclib.org/interlibSSO/goto/6/=06190596Z93/kns55/detail.aspx?QueryID=33&CurRec=14&dbcode=cjfq&dbname=CJFDLAST2015&filename=RJSJ201506014	软件和信息服务	2015	2015年06期
1%的相似性能构成侵权么?	http://sso.cdclib.org/interlibSSO/goto/6/=06190596Z93/kns55/detail.aspx?QueryID=33&CurRec=15&dbcode=cjfq&dbname=CJFDLAST2015&filename=RJSJ201506015	软件和信息服务	2015	2015年06期
上海首例集成电路纠纷案解读	http://sso.cdclib.org/interlibSSO/goto/6/=06190596Z93/kns55/detail.aspx?QueryID=33&CurRec=16&dbcode=cjfq&dbname=CJFDLAST2015&filename=RJSJ201506016	软件和信息服务	2015	2015年06期
捍卫独创布图设计的专有权	http://sso.cdclib.org/interlibSSO/goto/6/=06190596Z93/kns55/detail.aspx?QueryID=33&CurRec=17&dbcode=cjfq&dbname=CJFDLAST2015&filename=RJSJ201506017	软件和信息服务	2015	2015年06期
数据支撑决策:软件企业的运营管理	http://sso.cdclib.org/interlibSSO/goto/6/=06190596Z93/kns55/detail.aspx?QueryID=33&CurRec=18&dbcode=cjfq&dbname=CJFDLAST2015&filename=RJSJ201506018	软件和信息服务	2015	2015年06期
手机操作系统发展之路	http://sso.cdclib.org/interlibSSO/goto/6/=06190596Z93/kns55/detail.aspx?QueryID=33&CurRec=19&dbcode=cjfq&dbname=CJFDLAST2015&filename=RJSJ201506019	软件和信息服务	2015	2015年06期
开源是一种信仰	http://sso.cdclib.org/interlibSSO/goto/6/=06190596Z93/kns55/detail.aspx?QueryID=33&CurRec=20&dbcode=cjfq&dbname=CJFDLAST2015&filename=RJSJ201506020	软件和信息服务	2015	2015年06期
合作创新与价值再造	http://sso.cdclib.org/interlibSSO/goto/6/=06190596Z93/kns55/detail.aspx?QueryID=33&CurRec=21&dbcode=cjfq&dbname=CJFDLAST2015&filename=RJSJ201506021	软件和信息服务	2015	2015年06期
寻求价值再造黄金法则	http://sso.cdclib.org/interlibSSO/goto/6/=06190596Z93/kns55/detail.aspx?QueryID=33&CurRec=22&dbcode=cjfq&dbname=CJFDLAST2015&filename=RJSJ201506022	软件和信息服务	2015	2015年06期
最好的时代 最坏的时代	http://sso.cdclib.org/interlibSSO/goto/6/=06190596Z93/kns55/detail.aspx?QueryID=33&CurRec=23&dbcode=cjfq&dbname=CJFDLAST2015&filename=RJSJ201506023	软件和信息服务	2015	2015年06期
威海智慧城市建设的经验	http://sso.cdclib.org/interlibSSO/goto/6/=06190596Z93/kns55/detail.aspx?QueryID=33&CurRec=24&dbcode=cjfq&dbname=CJFDLAST2015&filename=RJSJ201506024	软件和信息服务	2015	2015年06期
IT产业的转折与信息社会发展	http://sso.cdclib.org/interlibSSO/goto/6/=06190596Z93/kns55/detail.aspx?QueryID=33&CurRec=25&dbcode=cjfq&dbname=CJFDLAST2015&filename=RJSJ201506025	软件和信息服务	2015	2015年06期
Red Hat 开放 创新	http://sso.cdclib.org/interlibSSO/goto/6/=06190596Z93/kns55/detail.aspx?QueryID=33&CurRec=26&dbcode=cjfq&dbname=CJFDLAST2015&filename=RJSJ201506026	软件和信息服务	2015	2015年06期
新媒传信@“互联网+”	http://sso.cdclib.org/interlibSSO/goto/6/=06190596Z93/kns55/detail.aspx?QueryID=33&CurRec=27&dbcode=cjfq&dbname=CJFDLAST2015&filename=RJSJ201506027	软件和信息服务	2015	2015年06期
2015中国金软件五大产业领袖	http://sso.cdclib.org/interlibSSO/goto/6/=06190596Z93/kns55/detail.aspx?QueryID=33&CurRec=28&dbcode=cjfq&dbname=CJFDLAST2015&filename=RJSJ201506028	软件和信息服务	2015	2015年06期
2015中国金软件金服务·十大杰出企业	http://sso.cdclib.org/interlibSSO/goto/6/=06190596Z93/kns55/detail.aspx?QueryID=33&CurRec=29&dbcode=cjfq&dbname=CJFDLAST2015&filename=RJSJ201506029	软件和信息服务	2015	2015年06期
2015中国金软件金服务·方案商最信赖的产业园区	http://sso.cdclib.org/interlibSSO/goto/6/=06190596Z93/kns55/detail.aspx?QueryID=33&CurRec=30&dbcode=cjfq&dbname=CJFDLAST2015&filename=RJSJ201506030	软件和信息服务	2015	2015年06期
2015中国金软件金服务·企业奖	http://sso.cdclib.org/interlibSSO/goto/6/=06190596Z93/kns55/detail.aspx?QueryID=33&CurRec=31&dbcode=cjfq&dbname=CJFDLAST2015&filename=RJSJ201506031	软件和信息服务	2015	2015年06期
2015中国金软件金服务·产品奖	http://sso.cdclib.org/interlibSSO/goto/6/=06190596Z93/kns55/detail.aspx?QueryID=33&CurRec=32&dbcode=cjfq&dbname=CJFDLAST2015&filename=RJSJ201506032	软件和信息服务	2015	2015年06期
2015中国金软件金服务·解决方案奖	http://sso.cdclib.org/interlibSSO/goto/6/=06190596Z93/kns55/detail.aspx?QueryID=33&CurRec=33&dbcode=cjfq&dbname=CJFDLAST2015&filename=RJSJ201506033	软件和信息服务	2015	2015年06期
“互联网+”开启行业融合蓝海	http://sso.cdclib.org/interlibSSO/goto/6/=06190596Z93/kns55/detail.aspx?QueryID=38&CurRec=1&dbcode=cjfq&dbname=CJFDLAST2015&filename=RJSJ201505001	软件和信息服务	2015	2015年05期
天河二号被禁购 缘由何在?	http://sso.cdclib.org/interlibSSO/goto/6/=06190596Z93/kns55/detail.aspx?QueryID=38&CurRec=2&dbcode=cjfq&dbname=CJFDLAST2015&filename=RJSJ201505003	软件和信息服务	2015	2015年05期
时讯	http://sso.cdclib.org/interlibSSO/goto/6/=06190596Z93/kns55/detail.aspx?QueryID=38&CurRec=3&dbcode=cjfq&dbname=CJFDLAST2015&filename=RJSJ201505004	软件和信息服务	2015	2015年05期
回音	http://sso.cdclib.org/interlibSSO/goto/6/=06190596Z93/kns55/detail.aspx?QueryID=38&CurRec=4&dbcode=cjfq&dbname=CJFDLAST2015&filename=RJSJ201505005	软件和信息服务	2015	2015年05期
数说	http://sso.cdclib.org/interlibSSO/goto/6/=06190596Z93/kns55/detail.aspx?QueryID=38&CurRec=5&dbcode=cjfq&dbname=CJFDLAST2015&filename=RJSJ201505006	软件和信息服务	2015	2015年05期
Windows10的下一步是什么	http://sso.cdclib.org/interlibSSO/goto/6/=06190596Z93/kns55/detail.aspx?QueryID=38&CurRec=6&dbcode=cjfq&dbname=CJFDLAST2015&filename=RJSJ201505007	软件和信息服务	2015	2015年05期
面向智能应用的新服务+多平台	http://sso.cdclib.org/interlibSSO/goto/6/=06190596Z93/kns55/detail.aspx?QueryID=38&CurRec=7&dbcode=cjfq&dbname=CJFDLAST2015&filename=RJSJ201505008	软件和信息服务	2015	2015年05期
从“邮件门”谈数据管理的三点启示	http://sso.cdclib.org/interlibSSO/goto/6/=06190596Z93/kns55/detail.aspx?QueryID=38&CurRec=8&dbcode=cjfq&dbname=CJFDLAST2015&filename=RJSJ201505009	软件和信息服务	2015	2015年05期
时尚业如何走向信息化前沿	http://sso.cdclib.org/interlibSSO/goto/6/=06190596Z93/kns55/detail.aspx?QueryID=38&CurRec=9&dbcode=cjfq&dbname=CJFDLAST2015&filename=RJSJ201505010	软件和信息服务	2015	2015年05期
Rackspace:用户体验最关键	http://sso.cdclib.org/interlibSSO/goto/6/=06190596Z93/kns55/detail.aspx?QueryID=38&CurRec=10&dbcode=cjfq&dbname=CJFDLAST2015&filename=RJSJ201505011	软件和信息服务	2015	2015年05期
加速车联网落地的五项前沿技术	http://sso.cdclib.org/interlibSSO/goto/6/=06190596Z93/kns55/detail.aspx?QueryID=38&CurRec=11&dbcode=cjfq&dbname=CJFDLAST2015&filename=RJSJ201505012	软件和信息服务	2015	2015年05期
从Uber看专车企业突破同质竞争红海	http://sso.cdclib.org/interlibSSO/goto/6/=06190596Z93/kns55/detail.aspx?QueryID=38&CurRec=12&dbcode=cjfq&dbname=CJFDLAST2015&filename=RJSJ201505013	软件和信息服务	2015	2015年05期
大数据落地正当时	http://sso.cdclib.org/interlibSSO/goto/6/=06190596Z93/kns55/detail.aspx?QueryID=38&CurRec=13&dbcode=cjfq&dbname=CJFDLAST2015&filename=RJSJ201505014	软件和信息服务	2015	2015年05期
在“互联网+”时代“悬丝诊脉”	http://sso.cdclib.org/interlibSSO/goto/6/=06190596Z93/kns55/detail.aspx?QueryID=38&CurRec=14&dbcode=cjfq&dbname=CJFDLAST2015&filename=RJSJ201505015	软件和信息服务	2015	2015年05期
智慧机场的管理之道	http://sso.cdclib.org/interlibSSO/goto/6/=06190596Z93/kns55/detail.aspx?QueryID=38&CurRec=15&dbcode=cjfq&dbname=CJFDLAST2015&filename=RJSJ201505016	软件和信息服务	2015	2015年05期
华为牵手东华 诠释“全联接”医疗	http://sso.cdclib.org/interlibSSO/goto/6/=06190596Z93/kns55/detail.aspx?QueryID=38&CurRec=16&dbcode=cjfq&dbname=CJFDLAST2015&filename=RJSJ201505017	软件和信息服务	2015	2015年05期
用友大数据 助企业决胜千里之外	http://sso.cdclib.org/interlibSSO/goto/6/=06190596Z93/kns55/detail.aspx?QueryID=38&CurRec=17&dbcode=cjfq&dbname=CJFDLAST2015&filename=RJSJ201505018	软件和信息服务	2015	2015年05期
新媒传信:打造未来通信新时代	http://sso.cdclib.org/interlibSSO/goto/6/=06190596Z93/kns55/detail.aspx?QueryID=38&CurRec=18&dbcode=cjfq&dbname=CJFDLAST2015&filename=RJSJ201505019	软件和信息服务	2015	2015年05期
移动化:企业实现“弯道超车”的良机	http://sso.cdclib.org/interlibSSO/goto/6/=06190596Z93/kns55/detail.aspx?QueryID=38&CurRec=19&dbcode=cjfq&dbname=CJFDLAST2015&filename=RJSJ201505020	软件和信息服务	2015	2015年05期
浪潮抓住“中国制造2025”新机遇	http://sso.cdclib.org/interlibSSO/goto/6/=06190596Z93/kns55/detail.aspx?QueryID=38&CurRec=20&dbcode=cjfq&dbname=CJFDLAST2015&filename=RJSJ201505021	软件和信息服务	2015	2015年05期
英特尔中国30年厚积薄发	http://sso.cdclib.org/interlibSSO/goto/6/=06190596Z93/kns55/detail.aspx?QueryID=38&CurRec=21&dbcode=cjfq&dbname=CJFDLAST2015&filename=RJSJ201505022	软件和信息服务	2015	2015年05期
PaaS的“大智慧”何在?	http://sso.cdclib.org/interlibSSO/goto/6/=06190596Z93/kns55/detail.aspx?QueryID=38&CurRec=22&dbcode=cjfq&dbname=CJFDLAST2015&filename=RJSJ201505023	软件和信息服务	2015	2015年05期
链接新技术 感知新应用	http://sso.cdclib.org/interlibSSO/goto/6/=06190596Z93/kns55/detail.aspx?QueryID=38&CurRec=23&dbcode=cjfq&dbname=CJFDLAST2015&filename=RJSJ201505024	软件和信息服务	2015	2015年05期
齐“芯”协力 应用并进	http://sso.cdclib.org/interlibSSO/goto/6/=06190596Z93/kns55/detail.aspx?QueryID=38&CurRec=24&dbcode=cjfq&dbname=CJFDLAST2015&filename=RJSJ201505025	软件和信息服务	2015	2015年05期
握奇可支付智能手表Sharkey首发	http://sso.cdclib.org/interlibSSO/goto/6/=06190596Z93/kns55/detail.aspx?QueryID=38&CurRec=25&dbcode=cjfq&dbname=CJFDLAST2015&filename=RJSJ201505026	软件和信息服务	2015	2015年05期
云豆OneDoc:让知识流动起来	http://sso.cdclib.org/interlibSSO/goto/6/=06190596Z93/kns55/detail.aspx?QueryID=38&CurRec=26&dbcode=cjfq&dbname=CJFDLAST2015&filename=RJSJ201505027	软件和信息服务	2015	2015年05期
微软云创新“互联网+”时代	http://sso.cdclib.org/interlibSSO/goto/6/=06190596Z93/kns55/detail.aspx?QueryID=38&CurRec=27&dbcode=cjfq&dbname=CJFDLAST2015&filename=RJSJ201505028	软件和信息服务	2015	2015年05期
IT信息类应用的未来前景	http://sso.cdclib.org/interlibSSO/goto/6/=06190596Z93/kns55/detail.aspx?QueryID=38&CurRec=28&dbcode=cjfq&dbname=CJFDLAST2015&filename=RJSJ201505030	软件和信息服务	2015	2015年05期
应用云化还是云化应用?	http://sso.cdclib.org/interlibSSO/goto/6/=06190596Z93/kns55/detail.aspx?QueryID=38&CurRec=29&dbcode=cjfq&dbname=CJFDLAST2015&filename=RJSJ201505031	软件和信息服务	2015	2015年05期
“互联网+”的价值在于能力互联	http://sso.cdclib.org/interlibSSO/goto/6/=06190596Z93/kns55/detail.aspx?QueryID=38&CurRec=30&dbcode=cjfq&dbname=CJFDLAST2015&filename=RJSJ201505032	软件和信息服务	2015	2015年05期
“村里”成功走上IPO	http://sso.cdclib.org/interlibSSO/goto/6/=06190596Z93/kns55/detail.aspx?QueryID=38&CurRec=31&dbcode=cjfq&dbname=CJFDLAST2015&filename=RJSJ201505033	软件和信息服务	2015	2015年05期
大数据应用于企业运营(下)	http://sso.cdclib.org/interlibSSO/goto/6/=06190596Z93/kns55/detail.aspx?QueryID=38&CurRec=32&dbcode=cjfq&dbname=CJFDLAST2015&filename=RJSJ201505034	软件和信息服务	2015	2015年05期
智慧城市建设的逻辑顺序	http://sso.cdclib.org/interlibSSO/goto/6/=06190596Z93/kns55/detail.aspx?QueryID=38&CurRec=33&dbcode=cjfq&dbname=CJFDLAST2015&filename=RJSJ201505035	软件和信息服务	2015	2015年05期
专业化生产下的不精益的故事	http://sso.cdclib.org/interlibSSO/goto/6/=06190596Z93/kns55/detail.aspx?QueryID=38&CurRec=34&dbcode=cjfq&dbname=CJFDLAST2015&filename=RJSJ201505036	软件和信息服务	2015	2015年05期
不想当辩手的诗人不是好老板	http://sso.cdclib.org/interlibSSO/goto/6/=06190596Z93/kns55/detail.aspx?QueryID=38&CurRec=35&dbcode=cjfq&dbname=CJFDLAST2015&filename=RJSJ201505037	软件和信息服务	2015	2015年05期
“移动”已成焦点	http://sso.cdclib.org/interlibSSO/goto/6/=06190596Z93/kns55/detail.aspx?QueryID=38&CurRec=36&dbcode=cjfq&dbname=CJFDLAST2015&filename=RJSJ201505038	软件和信息服务	2015	2015年05期
看得见未来才有未来	http://sso.cdclib.org/interlibSSO/goto/6/=06190596Z93/kns55/detail.aspx?QueryID=38&CurRec=37&dbcode=cjfq&dbname=CJFDLAST2015&filename=RJSJ201505039	软件和信息服务	2015	2015年05期
创新要鼓励试错	http://sso.cdclib.org/interlibSSO/goto/6/=06190596Z93/kns55/detail.aspx?QueryID=43&CurRec=1&dbcode=cjfq&dbname=CJFDLAST2015&filename=RJSJ201504001	软件和信息服务	2015	2015年04期
三星收购AMD真假难辨	http://sso.cdclib.org/interlibSSO/goto/6/=06190596Z93/kns55/detail.aspx?QueryID=43&CurRec=2&dbcode=cjfq&dbname=CJFDLAST2015&filename=RJSJ201504002	软件和信息服务	2015	2015年04期
红帽变革Linux容器企业市场	http://sso.cdclib.org/interlibSSO/goto/6/=06190596Z93/kns55/detail.aspx?QueryID=43&CurRec=3&dbcode=cjfq&dbname=CJFDLAST2015&filename=RJSJ201504003	软件和信息服务	2015	2015年04期
博通助力4Kp60机顶盒技术在中国的首次部署	http://sso.cdclib.org/interlibSSO/goto/6/=06190596Z93/kns55/detail.aspx?QueryID=43&CurRec=4&dbcode=cjfq&dbname=CJFDLAST2015&filename=RJSJ201504004	软件和信息服务	2015	2015年04期
无人汽车技术成熟至少要等到5年后	http://sso.cdclib.org/interlibSSO/goto/6/=06190596Z93/kns55/detail.aspx?QueryID=43&CurRec=5&dbcode=cjfq&dbname=CJFDLAST2015&filename=RJSJ201504005	软件和信息服务	2015	2015年04期
人工智能很危险	http://sso.cdclib.org/interlibSSO/goto/6/=06190596Z93/kns55/detail.aspx?QueryID=43&CurRec=6&dbcode=cjfq&dbname=CJFDLAST2015&filename=RJSJ201504006	软件和信息服务	2015	2015年04期
创业教育需要开放的生态系统支持	http://sso.cdclib.org/interlibSSO/goto/6/=06190596Z93/kns55/detail.aspx?QueryID=43&CurRec=7&dbcode=cjfq&dbname=CJFDLAST2015&filename=RJSJ201504007	软件和信息服务	2015	2015年04期
20亿	http://sso.cdclib.org/interlibSSO/goto/6/=06190596Z93/kns55/detail.aspx?QueryID=43&CurRec=8&dbcode=cjfq&dbname=CJFDLAST2015&filename=RJSJ201504008	软件和信息服务	2015	2015年04期
3000亿	http://sso.cdclib.org/interlibSSO/goto/6/=06190596Z93/kns55/detail.aspx?QueryID=43&CurRec=9&dbcode=cjfq&dbname=CJFDLAST2015&filename=RJSJ201504009	软件和信息服务	2015	2015年04期
无人机的兴起	http://sso.cdclib.org/interlibSSO/goto/6/=06190596Z93/kns55/detail.aspx?QueryID=43&CurRec=10&dbcode=cjfq&dbname=CJFDLAST2015&filename=RJSJ201504010	软件和信息服务	2015	2015年04期
我国主要软件和信息技术服务上市公司发展状况比较表(3月)	http://sso.cdclib.org/interlibSSO/goto/6/=06190596Z93/kns55/detail.aspx?QueryID=43&CurRec=11&dbcode=cjfq&dbname=CJFDLAST2015&filename=RJSJ201504011	软件和信息服务	2015	2015年04期
生态圈带来下一波云机遇	http://sso.cdclib.org/interlibSSO/goto/6/=06190596Z93/kns55/detail.aspx?QueryID=43&CurRec=12&dbcode=cjfq&dbname=CJFDLAST2015&filename=RJSJ201504012	软件和信息服务	2015	2015年04期
大数据时代 金融行业如何“逆袭”	http://sso.cdclib.org/interlibSSO/goto/6/=06190596Z93/kns55/detail.aspx?QueryID=43&CurRec=13&dbcode=cjfq&dbname=CJFDLAST2015&filename=RJSJ201504013	软件和信息服务	2015	2015年04期
阻击新型网络攻击	http://sso.cdclib.org/interlibSSO/goto/6/=06190596Z93/kns55/detail.aspx?QueryID=43&CurRec=14&dbcode=cjfq&dbname=CJFDLAST2015&filename=RJSJ201504014	软件和信息服务	2015	2015年04期
人人车:打造二手车交易服务平台	http://sso.cdclib.org/interlibSSO/goto/6/=06190596Z93/kns55/detail.aspx?QueryID=43&CurRec=15&dbcode=cjfq&dbname=CJFDLAST2015&filename=RJSJ201504015	软件和信息服务	2015	2015年04期
云中漫步	http://sso.cdclib.org/interlibSSO/goto/6/=06190596Z93/kns55/detail.aspx?QueryID=43&CurRec=16&dbcode=cjfq&dbname=CJFDLAST2015&filename=RJSJ201504016	软件和信息服务	2015	2015年04期
探索社会服务管理信息化建设之道	http://sso.cdclib.org/interlibSSO/goto/6/=06190596Z93/kns55/detail.aspx?QueryID=43&CurRec=17&dbcode=cjfq&dbname=CJFDLAST2015&filename=RJSJ201504017	软件和信息服务	2015	2015年04期
企业移动市场之辩	http://sso.cdclib.org/interlibSSO/goto/6/=06190596Z93/kns55/detail.aspx?QueryID=43&CurRec=18&dbcode=cjfq&dbname=CJFDLAST2015&filename=RJSJ201504018	软件和信息服务	2015	2015年04期
一线出专家	http://sso.cdclib.org/interlibSSO/goto/6/=06190596Z93/kns55/detail.aspx?QueryID=43&CurRec=19&dbcode=cjfq&dbname=CJFDLAST2015&filename=RJSJ201504019	软件和信息服务	2015	2015年04期
全联接时代 华为大服务启航	http://sso.cdclib.org/interlibSSO/goto/6/=06190596Z93/kns55/detail.aspx?QueryID=43&CurRec=20&dbcode=cjfq&dbname=CJFDLAST2015&filename=RJSJ201504020	软件和信息服务	2015	2015年04期
IBM:企业级数据分析大不同	http://sso.cdclib.org/interlibSSO/goto/6/=06190596Z93/kns55/detail.aspx?QueryID=43&CurRec=21&dbcode=cjfq&dbname=CJFDLAST2015&filename=RJSJ201504021	软件和信息服务	2015	2015年04期
意识比技术更重要	http://sso.cdclib.org/interlibSSO/goto/6/=06190596Z93/kns55/detail.aspx?QueryID=43&CurRec=22&dbcode=cjfq&dbname=CJFDLAST2015&filename=RJSJ201504022	软件和信息服务	2015	2015年04期
甲骨文驶入云中快车道	http://sso.cdclib.org/interlibSSO/goto/6/=06190596Z93/kns55/detail.aspx?QueryID=43&CurRec=23&dbcode=cjfq&dbname=CJFDLAST2015&filename=RJSJ201504023	软件和信息服务	2015	2015年04期
数据中国:曙光的二次创业	http://sso.cdclib.org/interlibSSO/goto/6/=06190596Z93/kns55/detail.aspx?QueryID=43&CurRec=24&dbcode=cjfq&dbname=CJFDLAST2015&filename=RJSJ201504024	软件和信息服务	2015	2015年04期
迎接“大生态、大市场”新常态	http://sso.cdclib.org/interlibSSO/goto/6/=06190596Z93/kns55/detail.aspx?QueryID=43&CurRec=25&dbcode=cjfq&dbname=CJFDLAST2015&filename=RJSJ201504025	软件和信息服务	2015	2015年04期
力登向DCIM转型	http://sso.cdclib.org/interlibSSO/goto/6/=06190596Z93/kns55/detail.aspx?QueryID=43&CurRec=26&dbcode=cjfq&dbname=CJFDLAST2015&filename=RJSJ201504026	软件和信息服务	2015	2015年04期
惠普发力云数据中心	http://sso.cdclib.org/interlibSSO/goto/6/=06190596Z93/kns55/detail.aspx?QueryID=43&CurRec=27&dbcode=cjfq&dbname=CJFDLAST2015&filename=RJSJ201504027	软件和信息服务	2015	2015年04期
3D打印进入喷气时代	http://sso.cdclib.org/interlibSSO/goto/6/=06190596Z93/kns55/detail.aspx?QueryID=43&CurRec=28&dbcode=cjfq&dbname=CJFDLAST2015&filename=RJSJ201504028	软件和信息服务	2015	2015年04期
“嘀嘀打车”更名背后	http://sso.cdclib.org/interlibSSO/goto/6/=06190596Z93/kns55/detail.aspx?QueryID=43&CurRec=29&dbcode=cjfq&dbname=CJFDLAST2015&filename=RJSJ201504029	软件和信息服务	2015	2015年04期
ApplePay欺诈直指移动支付	http://sso.cdclib.org/interlibSSO/goto/6/=06190596Z93/kns55/detail.aspx?QueryID=43&CurRec=30&dbcode=cjfq&dbname=CJFDLAST2015&filename=RJSJ201504030	软件和信息服务	2015	2015年04期
大数据时代算法概论	http://sso.cdclib.org/interlibSSO/goto/6/=06190596Z93/kns55/detail.aspx?QueryID=43&CurRec=31&dbcode=cjfq&dbname=CJFDLAST2015&filename=RJSJ201504031	软件和信息服务	2015	2015年04期
以虚拟映像为基础的平台化应用	http://sso.cdclib.org/interlibSSO/goto/6/=06190596Z93/kns55/detail.aspx?QueryID=43&CurRec=32&dbcode=cjfq&dbname=CJFDLAST2015&filename=RJSJ201504032	软件和信息服务	2015	2015年04期
运营商发展公有云的五种模式	http://sso.cdclib.org/interlibSSO/goto/6/=06190596Z93/kns55/detail.aspx?QueryID=43&CurRec=33&dbcode=cjfq&dbname=CJFDLAST2015&filename=RJSJ201504033	软件和信息服务	2015	2015年04期
缘木求鱼	http://sso.cdclib.org/interlibSSO/goto/6/=06190596Z93/kns55/detail.aspx?QueryID=43&CurRec=34&dbcode=cjfq&dbname=CJFDLAST2015&filename=RJSJ201504034	软件和信息服务	2015	2015年04期
“村里”成功走上IPO	http://sso.cdclib.org/interlibSSO/goto/6/=06190596Z93/kns55/detail.aspx?QueryID=43&CurRec=35&dbcode=cjfq&dbname=CJFDLAST2015&filename=RJSJ201504035	软件和信息服务	2015	2015年04期
精益运作:改善之工作逻辑	http://sso.cdclib.org/interlibSSO/goto/6/=06190596Z93/kns55/detail.aspx?QueryID=43&CurRec=36&dbcode=cjfq&dbname=CJFDLAST2015&filename=RJSJ201504036	软件和信息服务	2015	2015年04期
大数据应用于企业运营(上)	http://sso.cdclib.org/interlibSSO/goto/6/=06190596Z93/kns55/detail.aspx?QueryID=43&CurRec=37&dbcode=cjfq&dbname=CJFDLAST2015&filename=RJSJ201504037	软件和信息服务	2015	2015年04期
大数据真是“大”吗?	http://sso.cdclib.org/interlibSSO/goto/6/=06190596Z93/kns55/detail.aspx?QueryID=43&CurRec=38&dbcode=cjfq&dbname=CJFDLAST2015&filename=RJSJ201504038	软件和信息服务	2015	2015年04期
做有人文情怀的将军	http://sso.cdclib.org/interlibSSO/goto/6/=06190596Z93/kns55/detail.aspx?QueryID=43&CurRec=39&dbcode=cjfq&dbname=CJFDLAST2015&filename=RJSJ201504039	软件和信息服务	2015	2015年04期
穹顶之下 绿色期盼	http://sso.cdclib.org/interlibSSO/goto/6/=06190596Z93/kns55/detail.aspx?QueryID=43&CurRec=40&dbcode=cjfq&dbname=CJFDLAST2015&filename=RJSJ201504040	软件和信息服务	2015	2015年04期
请您“受骗”	http://sso.cdclib.org/interlibSSO/goto/6/=06190596Z93/kns55/detail.aspx?QueryID=43&CurRec=41&dbcode=cjfq&dbname=CJFDLAST2015&filename=RJSJ201504041	软件和信息服务	2015	2015年04期
IT服务商需要微创新	http://sso.cdclib.org/interlibSSO/goto/6/=06190596Z93/kns55/detail.aspx?QueryID=48&CurRec=1&dbcode=cjfq&dbname=CJFDLAST2015&filename=RJSJ201503001	软件和信息服务	2015	2015年03期
四川龙威软件科技有限公司	http://sso.cdclib.org/interlibSSO/goto/6/=06190596Z93/kns55/detail.aspx?QueryID=48&CurRec=2&dbcode=cjfq&dbname=CJFDLAST2015&filename=RJSJ201503002	软件和信息服务	2015	2015年03期
焦点	http://sso.cdclib.org/interlibSSO/goto/6/=06190596Z93/kns55/detail.aspx?QueryID=48&CurRec=3&dbcode=cjfq&dbname=CJFDLAST2015&filename=RJSJ201503003	软件和信息服务	2015	2015年03期
时讯	http://sso.cdclib.org/interlibSSO/goto/6/=06190596Z93/kns55/detail.aspx?QueryID=48&CurRec=4&dbcode=cjfq&dbname=CJFDLAST2015&filename=RJSJ201503005	软件和信息服务	2015	2015年03期
回音	http://sso.cdclib.org/interlibSSO/goto/6/=06190596Z93/kns55/detail.aspx?QueryID=48&CurRec=5&dbcode=cjfq&dbname=CJFDLAST2015&filename=RJSJ201503007	软件和信息服务	2015	2015年03期
数说	http://sso.cdclib.org/interlibSSO/goto/6/=06190596Z93/kns55/detail.aspx?QueryID=48&CurRec=6&dbcode=cjfq&dbname=CJFDLAST2015&filename=RJSJ201503008	软件和信息服务	2015	2015年03期
创建自己的高科技	http://sso.cdclib.org/interlibSSO/goto/6/=06190596Z93/kns55/detail.aspx?QueryID=48&CurRec=7&dbcode=cjfq&dbname=CJFDLAST2015&filename=RJSJ201503010	软件和信息服务	2015	2015年03期
我国主要软件和信息技术服务上市公司发展状况比较表(2月)	http://sso.cdclib.org/interlibSSO/goto/6/=06190596Z93/kns55/detail.aspx?QueryID=48&CurRec=8&dbcode=cjfq&dbname=CJFDLAST2015&filename=RJSJ201503011	软件和信息服务	2015	2015年03期
服务器市场上的“跳高理论”	http://sso.cdclib.org/interlibSSO/goto/6/=06190596Z93/kns55/detail.aspx?QueryID=48&CurRec=9&dbcode=cjfq&dbname=CJFDLAST2015&filename=RJSJ201503012	软件和信息服务	2015	2015年03期
看物联网浪潮 还在智能硬件	http://sso.cdclib.org/interlibSSO/goto/6/=06190596Z93/kns55/detail.aspx?QueryID=48&CurRec=10&dbcode=cjfq&dbname=CJFDLAST2015&filename=RJSJ201503013	软件和信息服务	2015	2015年03期
工业4.0:制造业困境的破局术	http://sso.cdclib.org/interlibSSO/goto/6/=06190596Z93/kns55/detail.aspx?QueryID=48&CurRec=11&dbcode=cjfq&dbname=CJFDLAST2015&filename=RJSJ201503014	软件和信息服务	2015	2015年03期
传统行业互联网转型的两大方向	http://sso.cdclib.org/interlibSSO/goto/6/=06190596Z93/kns55/detail.aspx?QueryID=48&CurRec=12&dbcode=cjfq&dbname=CJFDLAST2015&filename=RJSJ201503015	软件和信息服务	2015	2015年03期
智能电视:借势互联网思维模式	http://sso.cdclib.org/interlibSSO/goto/6/=06190596Z93/kns55/detail.aspx?QueryID=48&CurRec=13&dbcode=cjfq&dbname=CJFDLAST2015&filename=RJSJ201503016	软件和信息服务	2015	2015年03期
让动作捕捉技术平民化	http://sso.cdclib.org/interlibSSO/goto/6/=06190596Z93/kns55/detail.aspx?QueryID=48&CurRec=14&dbcode=cjfq&dbname=CJFDLAST2015&filename=RJSJ201503017	软件和信息服务	2015	2015年03期
开源的力量	http://sso.cdclib.org/interlibSSO/goto/6/=06190596Z93/kns55/detail.aspx?QueryID=48&CurRec=15&dbcode=cjfq&dbname=CJFDLAST2015&filename=RJSJ201503018	软件和信息服务	2015	2015年03期
打造放心的舌尖鲜味	http://sso.cdclib.org/interlibSSO/goto/6/=06190596Z93/kns55/detail.aspx?QueryID=48&CurRec=16&dbcode=cjfq&dbname=CJFDLAST2015&filename=RJSJ201503019	软件和信息服务	2015	2015年03期
破解互联网思维“方程式”	http://sso.cdclib.org/interlibSSO/goto/6/=06190596Z93/kns55/detail.aspx?QueryID=48&CurRec=17&dbcode=cjfq&dbname=CJFDLAST2015&filename=RJSJ201503020	软件和信息服务	2015	2015年03期
爱挑战的CIO	http://sso.cdclib.org/interlibSSO/goto/6/=06190596Z93/kns55/detail.aspx?QueryID=48&CurRec=18&dbcode=cjfq&dbname=CJFDLAST2015&filename=RJSJ201503021	软件和信息服务	2015	2015年03期
Infor坚守三大策略不变	http://sso.cdclib.org/interlibSSO/goto/6/=06190596Z93/kns55/detail.aspx?QueryID=48&CurRec=19&dbcode=cjfq&dbname=CJFDLAST2015&filename=RJSJ201503022	软件和信息服务	2015	2015年03期
两化深度融合 ITSS探路前行	http://sso.cdclib.org/interlibSSO/goto/6/=06190596Z93/kns55/detail.aspx?QueryID=48&CurRec=20&dbcode=cjfq&dbname=CJFDLAST2015&filename=RJSJ201503023	软件和信息服务	2015	2015年03期
产业互联网金融迈入新征程	http://sso.cdclib.org/interlibSSO/goto/6/=06190596Z93/kns55/detail.aspx?QueryID=48&CurRec=21&dbcode=cjfq&dbname=CJFDLAST2015&filename=RJSJ201503024	软件和信息服务	2015	2015年03期
做到“绝对第一名”	http://sso.cdclib.org/interlibSSO/goto/6/=06190596Z93/kns55/detail.aspx?QueryID=48&CurRec=22&dbcode=cjfq&dbname=CJFDLAST2015&filename=RJSJ201503025	软件和信息服务	2015	2015年03期
曙光携手红帽拥抱开源	http://sso.cdclib.org/interlibSSO/goto/6/=06190596Z93/kns55/detail.aspx?QueryID=48&CurRec=23&dbcode=cjfq&dbname=CJFDLAST2015&filename=RJSJ201503026	软件和信息服务	2015	2015年03期
用友发力企业互联网	http://sso.cdclib.org/interlibSSO/goto/6/=06190596Z93/kns55/detail.aspx?QueryID=48&CurRec=24&dbcode=cjfq&dbname=CJFDLAST2015&filename=RJSJ201503027	软件和信息服务	2015	2015年03期
南北软件入云	http://sso.cdclib.org/interlibSSO/goto/6/=06190596Z93/kns55/detail.aspx?QueryID=48&CurRec=25&dbcode=cjfq&dbname=CJFDLAST2015&filename=RJSJ201503028	软件和信息服务	2015	2015年03期
DevOps成企业获胜驱动力	http://sso.cdclib.org/interlibSSO/goto/6/=06190596Z93/kns55/detail.aspx?QueryID=48&CurRec=26&dbcode=cjfq&dbname=CJFDLAST2015&filename=RJSJ201503029	软件和信息服务	2015	2015年03期
中国CIO如何抓住数字化机遇?	http://sso.cdclib.org/interlibSSO/goto/6/=06190596Z93/kns55/detail.aspx?QueryID=48&CurRec=27&dbcode=cjfq&dbname=CJFDLAST2015&filename=RJSJ201503030	软件和信息服务	2015	2015年03期
鼎天软件	http://sso.cdclib.org/interlibSSO/goto/6/=06190596Z93/kns55/detail.aspx?QueryID=48&CurRec=28&dbcode=cjfq&dbname=CJFDLAST2015&filename=RJSJ201503031	软件和信息服务	2015	2015年03期
未来的可穿戴设备不仅是智能手环	http://sso.cdclib.org/interlibSSO/goto/6/=06190596Z93/kns55/detail.aspx?QueryID=48&CurRec=29&dbcode=cjfq&dbname=CJFDLAST2015&filename=RJSJ201503032	软件和信息服务	2015	2015年03期
商标侵权的法律代价	http://sso.cdclib.org/interlibSSO/goto/6/=06190596Z93/kns55/detail.aspx?QueryID=48&CurRec=30&dbcode=cjfq&dbname=CJFDLAST2015&filename=RJSJ201503033	软件和信息服务	2015	2015年03期
提升客户体验不再困难	http://sso.cdclib.org/interlibSSO/goto/6/=06190596Z93/kns55/detail.aspx?QueryID=48&CurRec=31&dbcode=cjfq&dbname=CJFDLAST2015&filename=RJSJ201503034	软件和信息服务	2015	2015年03期
商务套件SAP S/4HANA推出	http://sso.cdclib.org/interlibSSO/goto/6/=06190596Z93/kns55/detail.aspx?QueryID=48&CurRec=32&dbcode=cjfq&dbname=CJFDLAST2015&filename=RJSJ201503035	软件和信息服务	2015	2015年03期
自服务云应用助力集团企业构建私有云方案	http://sso.cdclib.org/interlibSSO/goto/6/=06190596Z93/kns55/detail.aspx?QueryID=48&CurRec=33&dbcode=cjfq&dbname=CJFDLAST2015&filename=RJSJ201503036	软件和信息服务	2015	2015年03期
蓄势待发的物联网	http://sso.cdclib.org/interlibSSO/goto/6/=06190596Z93/kns55/detail.aspx?QueryID=48&CurRec=34&dbcode=cjfq&dbname=CJFDLAST2015&filename=RJSJ201503037	软件和信息服务	2015	2015年03期
大数据在车联网中的应用	http://sso.cdclib.org/interlibSSO/goto/6/=06190596Z93/kns55/detail.aspx?QueryID=48&CurRec=35&dbcode=cjfq&dbname=CJFDLAST2015&filename=RJSJ201503038	软件和信息服务	2015	2015年03期
构建“面”的应用——平台化	http://sso.cdclib.org/interlibSSO/goto/6/=06190596Z93/kns55/detail.aspx?QueryID=48&CurRec=36&dbcode=cjfq&dbname=CJFDLAST2015&filename=RJSJ201503039	软件和信息服务	2015	2015年03期
去小机化思维(续)	http://sso.cdclib.org/interlibSSO/goto/6/=06190596Z93/kns55/detail.aspx?QueryID=48&CurRec=37&dbcode=cjfq&dbname=CJFDLAST2015&filename=RJSJ201503040	软件和信息服务	2015	2015年03期
积分“汇率”	http://sso.cdclib.org/interlibSSO/goto/6/=06190596Z93/kns55/detail.aspx?QueryID=48&CurRec=38&dbcode=cjfq&dbname=CJFDLAST2015&filename=RJSJ201503041	软件和信息服务	2015	2015年03期
深度思考人才之策	http://sso.cdclib.org/interlibSSO/goto/6/=06190596Z93/kns55/detail.aspx?QueryID=48&CurRec=39&dbcode=cjfq&dbname=CJFDLAST2015&filename=RJSJ201503042	软件和信息服务	2015	2015年03期
精益:知耻而后勇的工作方式	http://sso.cdclib.org/interlibSSO/goto/6/=06190596Z93/kns55/detail.aspx?QueryID=48&CurRec=40&dbcode=cjfq&dbname=CJFDLAST2015&filename=RJSJ201503043	软件和信息服务	2015	2015年03期
互联网思维UFO模型(下)	http://sso.cdclib.org/interlibSSO/goto/6/=06190596Z93/kns55/detail.aspx?QueryID=48&CurRec=41&dbcode=cjfq&dbname=CJFDLAST2015&filename=RJSJ201503044	软件和信息服务	2015	2015年03期
软件产业发展与区域的关系	http://sso.cdclib.org/interlibSSO/goto/6/=06190596Z93/kns55/detail.aspx?QueryID=48&CurRec=42&dbcode=cjfq&dbname=CJFDLAST2015&filename=RJSJ201503045	软件和信息服务	2015	2015年03期
一直,在路上	http://sso.cdclib.org/interlibSSO/goto/6/=06190596Z93/kns55/detail.aspx?QueryID=48&CurRec=43&dbcode=cjfq&dbname=CJFDLAST2015&filename=RJSJ201503046	软件和信息服务	2015	2015年03期
当预言成为现实	http://sso.cdclib.org/interlibSSO/goto/6/=06190596Z93/kns55/detail.aspx?QueryID=48&CurRec=44&dbcode=cjfq&dbname=CJFDLAST2015&filename=RJSJ201503047	软件和信息服务	2015	2015年03期
零边际成本的社会什么样?	http://sso.cdclib.org/interlibSSO/goto/6/=06190596Z93/kns55/detail.aspx?QueryID=48&CurRec=45&dbcode=cjfq&dbname=CJFDLAST2015&filename=RJSJ201503048	软件和信息服务	2015	2015年03期
解读神秘的琥珀	http://sso.cdclib.org/interlibSSO/goto/6/=06190596Z93/kns55/detail.aspx?QueryID=48&CurRec=46&dbcode=cjfq&dbname=CJFDLAST2015&filename=RJSJ201503049	软件和信息服务	2015	2015年03期
不怕慢 就怕站	http://sso.cdclib.org/interlibSSO/goto/6/=06190596Z93/kns55/detail.aspx?QueryID=53&CurRec=1&dbcode=cjfq&dbname=CJFDLAST2015&filename=RJSJ201502001	软件和信息服务	2015	2015年02期
人工智能发展临近爆发点	http://sso.cdclib.org/interlibSSO/goto/6/=06190596Z93/kns55/detail.aspx?QueryID=53&CurRec=2&dbcode=cjfq&dbname=CJFDLAST2015&filename=RJSJ201502002	软件和信息服务	2015	2015年02期
可用性驱动盈利性	http://sso.cdclib.org/interlibSSO/goto/6/=06190596Z93/kns55/detail.aspx?QueryID=53&CurRec=3&dbcode=cjfq&dbname=CJFDLAST2015&filename=RJSJ201502003	软件和信息服务	2015	2015年02期
我国主要软件和信息技术服务上市公司发展状况比较表(1月)	http://sso.cdclib.org/interlibSSO/goto/6/=06190596Z93/kns55/detail.aspx?QueryID=53&CurRec=4&dbcode=cjfq&dbname=CJFDLAST2015&filename=RJSJ201502004	软件和信息服务	2015	2015年02期
预测是为了更好地创造未来	http://sso.cdclib.org/interlibSSO/goto/6/=06190596Z93/kns55/detail.aspx?QueryID=53&CurRec=5&dbcode=cjfq&dbname=CJFDLAST2015&filename=RJSJ201502005	软件和信息服务	2015	2015年02期
企业漫长的“云之旅”	http://sso.cdclib.org/interlibSSO/goto/6/=06190596Z93/kns55/detail.aspx?QueryID=53&CurRec=6&dbcode=cjfq&dbname=CJFDLAST2015&filename=RJSJ201502006	软件和信息服务	2015	2015年02期
小而专 更智能	http://sso.cdclib.org/interlibSSO/goto/6/=06190596Z93/kns55/detail.aspx?QueryID=53&CurRec=7&dbcode=cjfq&dbname=CJFDLAST2015&filename=RJSJ201502007	软件和信息服务	2015	2015年02期
云计算将帮助政府改善民生	http://sso.cdclib.org/interlibSSO/goto/6/=06190596Z93/kns55/detail.aspx?QueryID=53&CurRec=8&dbcode=cjfq&dbname=CJFDLAST2015&filename=RJSJ201502008	软件和信息服务	2015	2015年02期
在发展中找到平衡	http://sso.cdclib.org/interlibSSO/goto/6/=06190596Z93/kns55/detail.aspx?QueryID=53&CurRec=9&dbcode=cjfq&dbname=CJFDLAST2015&filename=RJSJ201502009	软件和信息服务	2015	2015年02期
2015年将是物联网之年	http://sso.cdclib.org/interlibSSO/goto/6/=06190596Z93/kns55/detail.aspx?QueryID=53&CurRec=10&dbcode=cjfq&dbname=CJFDLAST2015&filename=RJSJ201502010	软件和信息服务	2015	2015年02期
云计算、互联网助力产业融合发展	http://sso.cdclib.org/interlibSSO/goto/6/=06190596Z93/kns55/detail.aspx?QueryID=53&CurRec=11&dbcode=cjfq&dbname=CJFDLAST2015&filename=RJSJ201502011	软件和信息服务	2015	2015年02期
大数据将改变企业的交互方式	http://sso.cdclib.org/interlibSSO/goto/6/=06190596Z93/kns55/detail.aspx?QueryID=53&CurRec=12&dbcode=cjfq&dbname=CJFDLAST2015&filename=RJSJ201502012	软件和信息服务	2015	2015年02期
优炫软件	http://sso.cdclib.org/interlibSSO/goto/6/=06190596Z93/kns55/detail.aspx?QueryID=53&CurRec=13&dbcode=cjfq&dbname=CJFDLAST2015&filename=RJSJ201502013	软件和信息服务	2015	2015年02期
应用经济时代将出现颠覆性创新	http://sso.cdclib.org/interlibSSO/goto/6/=06190596Z93/kns55/detail.aspx?QueryID=53&CurRec=14&dbcode=cjfq&dbname=CJFDLAST2015&filename=RJSJ201502014	软件和信息服务	2015	2015年02期
邦正科技股份有限公司	http://sso.cdclib.org/interlibSSO/goto/6/=06190596Z93/kns55/detail.aspx?QueryID=53&CurRec=15&dbcode=cjfq&dbname=CJFDLAST2015&filename=RJSJ201502015	软件和信息服务	2015	2015年02期
信息安全将成为重中之重	http://sso.cdclib.org/interlibSSO/goto/6/=06190596Z93/kns55/detail.aspx?QueryID=53&CurRec=16&dbcode=cjfq&dbname=CJFDLAST2015&filename=RJSJ201502016	软件和信息服务	2015	2015年02期
“果树”已栽好 只等“果汁”来	http://sso.cdclib.org/interlibSSO/goto/6/=06190596Z93/kns55/detail.aspx?QueryID=53&CurRec=17&dbcode=cjfq&dbname=CJFDLAST2015&filename=RJSJ201502017	软件和信息服务	2015	2015年02期
机器学习造福企业	http://sso.cdclib.org/interlibSSO/goto/6/=06190596Z93/kns55/detail.aspx?QueryID=53&CurRec=18&dbcode=cjfq&dbname=CJFDLAST2015&filename=RJSJ201502018	软件和信息服务	2015	2015年02期
推动互联网金融智能化	http://sso.cdclib.org/interlibSSO/goto/6/=06190596Z93/kns55/detail.aspx?QueryID=53&CurRec=19&dbcode=cjfq&dbname=CJFDLAST2015&filename=RJSJ201502019	软件和信息服务	2015	2015年02期
移动数字安全要落到实处	http://sso.cdclib.org/interlibSSO/goto/6/=06190596Z93/kns55/detail.aspx?QueryID=53&CurRec=20&dbcode=cjfq&dbname=CJFDLAST2015&filename=RJSJ201502020	软件和信息服务	2015	2015年02期
内容感知引领网络服务持续创新	http://sso.cdclib.org/interlibSSO/goto/6/=06190596Z93/kns55/detail.aspx?QueryID=53&CurRec=21&dbcode=cjfq&dbname=CJFDLAST2015&filename=RJSJ201502021	软件和信息服务	2015	2015年02期
在线课堂走向落地	http://sso.cdclib.org/interlibSSO/goto/6/=06190596Z93/kns55/detail.aspx?QueryID=53&CurRec=22&dbcode=cjfq&dbname=CJFDLAST2015&filename=RJSJ201502022	软件和信息服务	2015	2015年02期
迈向集成新时代	http://sso.cdclib.org/interlibSSO/goto/6/=06190596Z93/kns55/detail.aspx?QueryID=53&CurRec=23&dbcode=cjfq&dbname=CJFDLAST2015&filename=RJSJ201502023	软件和信息服务	2015	2015年02期
锁定三大业务亮点	http://sso.cdclib.org/interlibSSO/goto/6/=06190596Z93/kns55/detail.aspx?QueryID=53&CurRec=24&dbcode=cjfq&dbname=CJFDLAST2015&filename=RJSJ201502024	软件和信息服务	2015	2015年02期
软件定义数据中心时代将至	http://sso.cdclib.org/interlibSSO/goto/6/=06190596Z93/kns55/detail.aspx?QueryID=53&CurRec=25&dbcode=cjfq&dbname=CJFDLAST2015&filename=RJSJ201502025	软件和信息服务	2015	2015年02期
2015年五大趋势	http://sso.cdclib.org/interlibSSO/goto/6/=06190596Z93/kns55/detail.aspx?QueryID=53&CurRec=26&dbcode=cjfq&dbname=CJFDLAST2015&filename=RJSJ201502026	软件和信息服务	2015	2015年02期
荣联云盘系统打造时尚办公新平台	http://sso.cdclib.org/interlibSSO/goto/6/=06190596Z93/kns55/detail.aspx?QueryID=53&CurRec=27&dbcode=cjfq&dbname=CJFDLAST2015&filename=RJSJ201502027	软件和信息服务	2015	2015年02期
赛门铁克全新灾难恢复解决方案	http://sso.cdclib.org/interlibSSO/goto/6/=06190596Z93/kns55/detail.aspx?QueryID=53&CurRec=28&dbcode=cjfq&dbname=CJFDLAST2015&filename=RJSJ201502028	软件和信息服务	2015	2015年02期
2015年数据中心五大趋势	http://sso.cdclib.org/interlibSSO/goto/6/=06190596Z93/kns55/detail.aspx?QueryID=53&CurRec=29&dbcode=cjfq&dbname=CJFDLAST2015&filename=RJSJ201502029	软件和信息服务	2015	2015年02期
东软迈向新征程	http://sso.cdclib.org/interlibSSO/goto/6/=06190596Z93/kns55/detail.aspx?QueryID=53&CurRec=30&dbcode=cjfq&dbname=CJFDLAST2015&filename=RJSJ201502030	软件和信息服务	2015	2015年02期
北京中海纪元数字技术发展股份有限公司 中国智慧政务引领者	http://sso.cdclib.org/interlibSSO/goto/6/=06190596Z93/kns55/detail.aspx?QueryID=53&CurRec=31&dbcode=cjfq&dbname=CJFDLAST2015&filename=RJSJ201502031	软件和信息服务	2015	2015年02期
让大数据“接地气”	http://sso.cdclib.org/interlibSSO/goto/6/=06190596Z93/kns55/detail.aspx?QueryID=53&CurRec=32&dbcode=cjfq&dbname=CJFDLAST2015&filename=RJSJ201502032	软件和信息服务	2015	2015年02期
AWS助力企业差异化竞争	http://sso.cdclib.org/interlibSSO/goto/6/=06190596Z93/kns55/detail.aspx?QueryID=53&CurRec=33&dbcode=cjfq&dbname=CJFDLAST2015&filename=RJSJ201502033	软件和信息服务	2015	2015年02期
惠普Helion一路高歌猛进	http://sso.cdclib.org/interlibSSO/goto/6/=06190596Z93/kns55/detail.aspx?QueryID=53&CurRec=34&dbcode=cjfq&dbname=CJFDLAST2015&filename=RJSJ201502034	软件和信息服务	2015	2015年02期
奔跑吧 闪存	http://sso.cdclib.org/interlibSSO/goto/6/=06190596Z93/kns55/detail.aspx?QueryID=53&CurRec=35&dbcode=cjfq&dbname=CJFDLAST2015&filename=RJSJ201502035	软件和信息服务	2015	2015年02期
上海携景信息技术有限公司:工程机械行业全方位系统实施方	http://sso.cdclib.org/interlibSSO/goto/6/=06190596Z93/kns55/detail.aspx?QueryID=53&CurRec=36&dbcode=cjfq&dbname=CJFDLAST2015&filename=RJSJ201502036	软件和信息服务	2015	2015年02期
发动引擎 提速大数据时代营销	http://sso.cdclib.org/interlibSSO/goto/6/=06190596Z93/kns55/detail.aspx?QueryID=53&CurRec=37&dbcode=cjfq&dbname=CJFDLAST2015&filename=RJSJ201502037	软件和信息服务	2015	2015年02期
青岛海信网络科技股份有限公司	http://sso.cdclib.org/interlibSSO/goto/6/=06190596Z93/kns55/detail.aspx?QueryID=53&CurRec=38&dbcode=cjfq&dbname=CJFDLAST2015&filename=RJSJ201502038	软件和信息服务	2015	2015年02期
迎战新安全 聚焦应用层	http://sso.cdclib.org/interlibSSO/goto/6/=06190596Z93/kns55/detail.aspx?QueryID=53&CurRec=39&dbcode=cjfq&dbname=CJFDLAST2015&filename=RJSJ201502039	软件和信息服务	2015	2015年02期
微软以合作应对产业变革	http://sso.cdclib.org/interlibSSO/goto/6/=06190596Z93/kns55/detail.aspx?QueryID=53&CurRec=40&dbcode=cjfq&dbname=CJFDLAST2015&filename=RJSJ201502040	软件和信息服务	2015	2015年02期
广东立沃信息科技有限公司	http://sso.cdclib.org/interlibSSO/goto/6/=06190596Z93/kns55/detail.aspx?QueryID=53&CurRec=41&dbcode=cjfq&dbname=CJFDLAST2015&filename=RJSJ201502041	软件和信息服务	2015	2015年02期
中国医疗健康产业改革离不开大数据	http://sso.cdclib.org/interlibSSO/goto/6/=06190596Z93/kns55/detail.aspx?QueryID=53&CurRec=42&dbcode=cjfq&dbname=CJFDLAST2015&filename=RJSJ201502042	软件和信息服务	2015	2015年02期
IT领导者需与市场营销部建立紧密联系	http://sso.cdclib.org/interlibSSO/goto/6/=06190596Z93/kns55/detail.aspx?QueryID=53&CurRec=43&dbcode=cjfq&dbname=CJFDLAST2015&filename=RJSJ201502043	软件和信息服务	2015	2015年02期
大数据在航空业的应用	http://sso.cdclib.org/interlibSSO/goto/6/=06190596Z93/kns55/detail.aspx?QueryID=53&CurRec=44&dbcode=cjfq&dbname=CJFDLAST2015&filename=RJSJ201502044	软件和信息服务	2015	2015年02期
“面”的应用将成未来IT应用主要形态	http://sso.cdclib.org/interlibSSO/goto/6/=06190596Z93/kns55/detail.aspx?QueryID=53&CurRec=45&dbcode=cjfq&dbname=CJFDLAST2015&filename=RJSJ201502045	软件和信息服务	2015	2015年02期
“去小机化”思维	http://sso.cdclib.org/interlibSSO/goto/6/=06190596Z93/kns55/detail.aspx?QueryID=53&CurRec=46&dbcode=cjfq&dbname=CJFDLAST2015&filename=RJSJ201502046	软件和信息服务	2015	2015年02期
伺候“爹娘”	http://sso.cdclib.org/interlibSSO/goto/6/=06190596Z93/kns55/detail.aspx?QueryID=53&CurRec=47&dbcode=cjfq&dbname=CJFDLAST2015&filename=RJSJ201502047	软件和信息服务	2015	2015年02期
对话业务数字测算	http://sso.cdclib.org/interlibSSO/goto/6/=06190596Z93/kns55/detail.aspx?QueryID=53&CurRec=48&dbcode=cjfq&dbname=CJFDLAST2015&filename=RJSJ201502048	软件和信息服务	2015	2015年02期
精益创业:无线时代的创业新角度	http://sso.cdclib.org/interlibSSO/goto/6/=06190596Z93/kns55/detail.aspx?QueryID=53&CurRec=49&dbcode=cjfq&dbname=CJFDLAST2015&filename=RJSJ201502049	软件和信息服务	2015	2015年02期
互联网思维UFO模型(上)	http://sso.cdclib.org/interlibSSO/goto/6/=06190596Z93/kns55/detail.aspx?QueryID=53&CurRec=50&dbcode=cjfq&dbname=CJFDLAST2015&filename=RJSJ201502050	软件和信息服务	2015	2015年02期
捧起人生的“小金人”	http://sso.cdclib.org/interlibSSO/goto/6/=06190596Z93/kns55/detail.aspx?QueryID=53&CurRec=51&dbcode=cjfq&dbname=CJFDLAST2015&filename=RJSJ201502051	软件和信息服务	2015	2015年02期
模仿的艺术	http://sso.cdclib.org/interlibSSO/goto/6/=06190596Z93/kns55/detail.aspx?QueryID=53&CurRec=52&dbcode=cjfq&dbname=CJFDLAST2015&filename=RJSJ201502052	软件和信息服务	2015	2015年02期
面对未来 唯有一往无前	http://sso.cdclib.org/interlibSSO/goto/6/=06190596Z93/kns55/detail.aspx?QueryID=53&CurRec=53&dbcode=cjfq&dbname=CJFDLAST2015&filename=RJSJ201502053	软件和信息服务	2015	2015年02期
2014年IT科技图书榜	http://sso.cdclib.org/interlibSSO/goto/6/=06190596Z93/kns55/detail.aspx?QueryID=53&CurRec=54&dbcode=cjfq&dbname=CJFDLAST2015&filename=RJSJ201502054	软件和信息服务	2015	2015年02期
卫宁软件,中国医疗卫生信息化行业的先行者	http://sso.cdclib.org/interlibSSO/goto/6/=06190596Z93/kns55/detail.aspx?QueryID=53&CurRec=55&dbcode=cjfq&dbname=CJFDLAST2015&filename=RJSJ201502055	软件和信息服务	2015	2015年02期
翻开全新的一页	http://sso.cdclib.org/interlibSSO/goto/6/=06190596Z93/kns55/detail.aspx?QueryID=58&CurRec=1&dbcode=cjfq&dbname=CJFDLAST2015&filename=RJSJ201501002	软件和信息服务	2015	2015年01期
观察	http://sso.cdclib.org/interlibSSO/goto/6/=06190596Z93/kns55/detail.aspx?QueryID=58&CurRec=2&dbcode=cjfq&dbname=CJFDLAST2015&filename=RJSJ201501003	软件和信息服务	2015	2015年01期
我国主要软件和信息技术服务上市公司发展状况比较表(12月)	http://sso.cdclib.org/interlibSSO/goto/6/=06190596Z93/kns55/detail.aspx?QueryID=58&CurRec=3&dbcode=cjfq&dbname=CJFDLAST2015&filename=RJSJ201501004	软件和信息服务	2015	2015年01期
虚拟运营商的痛苦与挣扎	http://sso.cdclib.org/interlibSSO/goto/6/=06190596Z93/kns55/detail.aspx?QueryID=58&CurRec=4&dbcode=cjfq&dbname=CJFDLAST2015&filename=RJSJ201501005	软件和信息服务	2015	2015年01期
互联网时代的软件创新	http://sso.cdclib.org/interlibSSO/goto/6/=06190596Z93/kns55/detail.aspx?QueryID=58&CurRec=5&dbcode=cjfq&dbname=CJFDLAST2015&filename=RJSJ201501006	软件和信息服务	2015	2015年01期
创新发展引领互联网时代的软件变革	http://sso.cdclib.org/interlibSSO/goto/6/=06190596Z93/kns55/detail.aspx?QueryID=58&CurRec=6&dbcode=cjfq&dbname=CJFDLAST2015&filename=RJSJ201501007	软件和信息服务	2015	2015年01期
互联网思维下 如何走出发展创新之路	http://sso.cdclib.org/interlibSSO/goto/6/=06190596Z93/kns55/detail.aspx?QueryID=58&CurRec=7&dbcode=cjfq&dbname=CJFDLAST2015&filename=RJSJ201501008	软件和信息服务	2015	2015年01期
云开之后 信息社会与智慧城市	http://sso.cdclib.org/interlibSSO/goto/6/=06190596Z93/kns55/detail.aspx?QueryID=58&CurRec=8&dbcode=cjfq&dbname=CJFDLAST2015&filename=RJSJ201501010	软件和信息服务	2015	2015年01期
移动互联 无限贴近	http://sso.cdclib.org/interlibSSO/goto/6/=06190596Z93/kns55/detail.aspx?QueryID=58&CurRec=9&dbcode=cjfq&dbname=CJFDLAST2015&filename=RJSJ201501012	软件和信息服务	2015	2015年01期
互联网时代的搜索	http://sso.cdclib.org/interlibSSO/goto/6/=06190596Z93/kns55/detail.aspx?QueryID=58&CurRec=10&dbcode=cjfq&dbname=CJFDLAST2015&filename=RJSJ201501013	软件和信息服务	2015	2015年01期
“舌尖上”的软件创新	http://sso.cdclib.org/interlibSSO/goto/6/=06190596Z93/kns55/detail.aspx?QueryID=58&CurRec=11&dbcode=cjfq&dbname=CJFDLAST2015&filename=RJSJ201501015	软件和信息服务	2015	2015年01期
政府职能如何借科技转变	http://sso.cdclib.org/interlibSSO/goto/6/=06190596Z93/kns55/detail.aspx?QueryID=58&CurRec=12&dbcode=cjfq&dbname=CJFDLAST2015&filename=RJSJ201501016	软件和信息服务	2015	2015年01期
移动应用 软件测评服务模式探讨	http://sso.cdclib.org/interlibSSO/goto/6/=06190596Z93/kns55/detail.aspx?QueryID=58&CurRec=13&dbcode=cjfq&dbname=CJFDLAST2015&filename=RJSJ201501017	软件和信息服务	2015	2015年01期
智慧城市 从软件建设到系统架构	http://sso.cdclib.org/interlibSSO/goto/6/=06190596Z93/kns55/detail.aspx?QueryID=58&CurRec=14&dbcode=cjfq&dbname=CJFDLAST2015&filename=RJSJ201501018	软件和信息服务	2015	2015年01期
构建中国软件业电子商业生态	http://sso.cdclib.org/interlibSSO/goto/6/=06190596Z93/kns55/detail.aspx?QueryID=58&CurRec=15&dbcode=cjfq&dbname=CJFDLAST2015&filename=RJSJ201501019	软件和信息服务	2015	2015年01期
数字化时代 传统IT服务商的转型创新	http://sso.cdclib.org/interlibSSO/goto/6/=06190596Z93/kns55/detail.aspx?QueryID=58&CurRec=16&dbcode=cjfq&dbname=CJFDLAST2015&filename=RJSJ201501020	软件和信息服务	2015	2015年01期
从软件到运营	http://sso.cdclib.org/interlibSSO/goto/6/=06190596Z93/kns55/detail.aspx?QueryID=58&CurRec=17&dbcode=cjfq&dbname=CJFDLAST2015&filename=RJSJ201501021	软件和信息服务	2015	2015年01期
软件与商业模式创新	http://sso.cdclib.org/interlibSSO/goto/6/=06190596Z93/kns55/detail.aspx?QueryID=58&CurRec=18&dbcode=cjfq&dbname=CJFDLAST2015&filename=RJSJ201501022	软件和信息服务	2015	2015年01期
2014年度中国软件和信息服务十大领军人物	http://sso.cdclib.org/interlibSSO/goto/6/=06190596Z93/kns55/detail.aspx?QueryID=58&CurRec=19&dbcode=cjfq&dbname=CJFDLAST2015&filename=RJSJ201501023	软件和信息服务	2015	2015年01期
2014年度中国软件和信息服务十大领军企业	http://sso.cdclib.org/interlibSSO/goto/6/=06190596Z93/kns55/detail.aspx?QueryID=58&CurRec=20&dbcode=cjfq&dbname=CJFDLAST2015&filename=RJSJ201501024	软件和信息服务	2015	2015年01期
获奖榜单	http://sso.cdclib.org/interlibSSO/goto/6/=06190596Z93/kns55/detail.aspx?QueryID=58&CurRec=21&dbcode=cjfq&dbname=CJFDLAST2015&filename=RJSJ201501025	软件和信息服务	2015	2015年01期
爱开会的CIO	http://sso.cdclib.org/interlibSSO/goto/6/=06190596Z93/kns55/detail.aspx?QueryID=58&CurRec=22&dbcode=cjfq&dbname=CJFDLAST2015&filename=RJSJ201501026	软件和信息服务	2015	2015年01期
银行大数据分析:向以客户为中心转型	http://sso.cdclib.org/interlibSSO/goto/6/=06190596Z93/kns55/detail.aspx?QueryID=58&CurRec=23&dbcode=cjfq&dbname=CJFDLAST2015&filename=RJSJ201501027	软件和信息服务	2015	2015年01期
大数据趋势下企业多样化的数据策略	http://sso.cdclib.org/interlibSSO/goto/6/=06190596Z93/kns55/detail.aspx?QueryID=58&CurRec=24&dbcode=cjfq&dbname=CJFDLAST2015&filename=RJSJ201501028	软件和信息服务	2015	2015年01期
不同主体的虚拟世界与数字映像	http://sso.cdclib.org/interlibSSO/goto/6/=06190596Z93/kns55/detail.aspx?QueryID=58&CurRec=25&dbcode=cjfq&dbname=CJFDLAST2015&filename=RJSJ201501029	软件和信息服务	2015	2015年01期
电信运营商的云机遇	http://sso.cdclib.org/interlibSSO/goto/6/=06190596Z93/kns55/detail.aspx?QueryID=58&CurRec=26&dbcode=cjfq&dbname=CJFDLAST2015&filename=RJSJ201501030	软件和信息服务	2015	2015年01期
双向私属	http://sso.cdclib.org/interlibSSO/goto/6/=06190596Z93/kns55/detail.aspx?QueryID=58&CurRec=27&dbcode=cjfq&dbname=CJFDLAST2015&filename=RJSJ201501031	软件和信息服务	2015	2015年01期
资本推手下的人才争夺	http://sso.cdclib.org/interlibSSO/goto/6/=06190596Z93/kns55/detail.aspx?QueryID=58&CurRec=28&dbcode=cjfq&dbname=CJFDLAST2015&filename=RJSJ201501032	软件和信息服务	2015	2015年01期
回到精益:无线互联时代的运作和制造	http://sso.cdclib.org/interlibSSO/goto/6/=06190596Z93/kns55/detail.aspx?QueryID=58&CurRec=29&dbcode=cjfq&dbname=CJFDLAST2015&filename=RJSJ201501033	软件和信息服务	2015	2015年01期
人生平衡需雅趣	http://sso.cdclib.org/interlibSSO/goto/6/=06190596Z93/kns55/detail.aspx?QueryID=58&CurRec=30&dbcode=cjfq&dbname=CJFDLAST2015&filename=RJSJ201501034	软件和信息服务	2015	2015年01期
模仿的力量	http://sso.cdclib.org/interlibSSO/goto/6/=06190596Z93/kns55/detail.aspx?QueryID=58&CurRec=31&dbcode=cjfq&dbname=CJFDLAST2015&filename=RJSJ201501035	软件和信息服务	2015	2015年01期
多点儿趣味 改变世界	http://sso.cdclib.org/interlibSSO/goto/6/=06190596Z93/kns55/detail.aspx?QueryID=58&CurRec=32&dbcode=cjfq&dbname=CJFDLAST2015&filename=RJSJ201501036	软件和信息服务	2015	2015年01期
挺直腰杆奔向健康	http://sso.cdclib.org/interlibSSO/goto/6/=06190596Z93/kns55/detail.aspx?QueryID=58&CurRec=33&dbcode=cjfq&dbname=CJFDLAST2015&filename=RJSJ201501037	软件和信息服务	2015	2015年01期
现场盛况	http://sso.cdclib.org/interlibSSO/goto/6/=06190596Z93/kns55/detail.aspx?QueryID=58&CurRec=34&dbcode=cjfq&dbname=CJFDLAST2015&filename=RJSJ201501039	软件和信息服务	2015	2015年01期
大会花絮	http://sso.cdclib.org/interlibSSO/goto/6/=06190596Z93/kns55/detail.aspx?QueryID=58&CurRec=35&dbcode=cjfq&dbname=CJFDLAST2015&filename=RJSJ201501040	软件和信息服务	2015	2015年01期
