title	journal_name	year	issue	author	keywords	summary	pdf_filename	article_url
卷首语	现代计算机应用	1994	1994年S1期		Novell ； 卷首语 ； 亿人 ； 鲁夫 ； 微处理器系统 ； 个人电脑 ； 多媒体技术 ； 网络系统 ； 拉斯 ； 维加 ；	<正> 刚在美国拉斯维加斯闭幕的COMDEX电脑科技展览会,三位主要讲者都大有来头,分别是微软(Microsoft)的总裁、有软件大王之称的比尔盖斯(Bill Gates),英特尔(Intel)总裁告鲁夫(AndrewGrove)和诺威尔(Novell)总裁范勤伯(Robert Frankenberg),刚好代表了今日个人电脑三个最重要的环节:微处理器系统、操作系统和网络系统。三位讲者都不约而同地指出,未来十年,电脑业会一日千里,突飞猛进。范勤伯更预言五年后世界将会有十亿人用电脑网络连系起来。再加上信息高速公路(Information Super Highway)已事在必行,多媒体技术日益兴旺,看来电脑信息科技已变成日常生活的一部分,与你我息息相关。	1994年S1期_卷首语.pdf	http://sso.cdclib.org/interlibSSO/goto/6/=06190596Z93/kcms/detail/detail.aspx?dbCode=cjfq&filename=XDJS1994S1000&dbname=CJFD9498
极视听之娱的多媒体电脑	现代计算机应用	1994	1994年S1期		多媒体电脑 ； 多媒体软件 ； 电脑产品 ； 多媒体系统 ； 应用软件 ； 硬盘空间 ； 应用系统 ； 多媒体服务 ； 中央处理器 ； 市场推广 ；	<正> 多媒体电脑近年在国外市场发展迅速猛,据业内估计,在明年年终之前,单在美国一地即会有超过170万台配备激光盘(CD-ROM)驱动器的多媒体电脑。美国制作的多媒体软件数目不断上升,现时已有逾千种各式各样的多媒体软件面市。刚起步的内地及海外开发商亦纷纷推出低价的多媒体软件以至汉化的多媒体软件,多媒体电脑肯定成为90年代最炙手可热的电脑产品。然而,何谓“多媒体电脑”呢?多媒体	1994年S1期_极视听之娱的多媒体电脑.pdf	http://sso.cdclib.org/interlibSSO/goto/6/=06190596Z93/kcms/detail/detail.aspx?dbCode=cjfq&filename=XDJS1994S1001&dbname=CJFD9498
时事纵横	现代计算机应用	1994	1994年S1期		电脑公司 ； 国内市场 ； 彩色打印机 ； 通讯科技 ； 彩色输出 ； 市场策略 ； 国有民营企业 ； 个人电脑 ； 计算机产业 ； 以太网控制器 ；	<正> 上海继北京成为第二软件中心上海在政府支持下,将发展成为另一个软件中心,媲美北京。据业内消息,北京目前有众多电脑公司,已达饱和状态。据驻港IBM一位软件支援部经理说:“在专门人才方面,北京无疑很多,但我们却选去上海,协助其发展,理由是我们想进入国内市场。”上海市政府亦告诉电脑公司他们有意见到上海发展为一个软件中心。	1994年S1期_时事纵横.pdf	http://sso.cdclib.org/interlibSSO/goto/6/=06190596Z93/kcms/detail/detail.aspx?dbCode=cjfq&filename=XDJS1994S1002&dbname=CJFD9498
珠江客运售票电脑管理系统——与几百万人息息相关的电脑网络	现代计算机应用	1994	1994年S1期		公司电脑 ； 电脑管理 ； 挤得水泄不通 ； 双体 ； 九三年 ； 林东 ； 三十六 ； 应用软件开发 ； 电脑网络 ； 软件开发工程 ；	<正> 每次到中港城码头乘搭客轮到珠江三角洲一带县市,都见到人头涌涌,移民局内更挤得水泄不通。这情况非但假日如此,即使平日早、午、晚也一样。究竟每天有多少人乘搭珠江客运的轮船往返粤、港两地?据珠江船务有限公司电脑部副经理高级工程师林东生透露,该公司属下的珠江客运公司现时拥有七艘1,00O至6,000吨级大型豪华客轮,三十六艘豪华双体高速客轮,在九三年完成客运量高达五百万人次,平均每日有100班次,每逢节日更高达128班次。	1994年S1期_珠江客运售票电脑管理系统——与几百万人息息相关的电脑网络.pdf	http://sso.cdclib.org/interlibSSO/goto/6/=06190596Z93/kcms/detail/detail.aspx?dbCode=cjfq&filename=XDJS1994S1003&dbname=CJFD9498
纵横四海,信息为先——OOCL全球通信网络简介	现代计算机应用	1994	1994年S1期		网络简介 ； OOCL ； 东方海外 ； 全球通信 ； 电脑系统 ； 客户需要 ； 纵横四海 ； 即时处理 ； 中央处理机 ； 通讯网络 ；	<正> 运输业,看似一个很简单的行业,简单来说,运输就是利用交通工具把货物由一个地方送到另一个地方。但现在如果想在运输业上出人头地,就不是这么简单了。除了要有设备优良,性能可靠的交通工具担任运输的实际工作外,亦要有一个全球性24小时的通讯网络及可作线上即时处理的电脑系统作支援,才可以为客户提供准时,可靠及完善的服务。东方海外国际有限公司OOCL总经理沈志澄先生说:“以前,航运业的服务要求十分简单,主要是把货物由一个地方运送到另一个地方和发放提单。电脑的应用主要是用于会计和内部管理。今天,制造商要求在时间上安排十分准确。可靠运输现在更被视为工厂制造过程的一部份,因为由于资讯贸易发达,成本可以随时比较,制作的零件可能来自世界各地,所以,客户需要安排零件	1994年S1期_纵横四海,信息为先——OOCL全球通信网络简介.pdf	http://sso.cdclib.org/interlibSSO/goto/6/=06190596Z93/kcms/detail/detail.aspx?dbCode=cjfq&filename=XDJS1994S1004&dbname=CJFD9498
条形码系统与电子数据联通	现代计算机应用	1994	1994年S1期		条码技术 ； 编码系统 ； 香港工业总会 ； 手操作 ； 转换软件 ； 资讯科技 ； 存货控制 ； 信息标准 ； 扫描系统 ； 细分类 ；	<正> EDI试点计划电子数据联通(EDI)可以算是一个贸易伙伴与另一贸易伙伴以电脑交换电子信息的统称,这种交换信息的方法将许多人手操作步骤变为自动化,是减低业务成本的其中一个途径。 1992年2月,香港零售业管理协会(RMA)联同香港货品编码协会、香港工业总会及中华厂商会组成EDI统筹委员会,以研究在香港零售及分销业采用EDI的可行性。	1994年S1期_条形码系统与电子数据联通.pdf	http://sso.cdclib.org/interlibSSO/goto/6/=06190596Z93/kcms/detail/detail.aspx?dbCode=cjfq&filename=XDJS1994S1005&dbname=CJFD9498
利用电脑资讯科技促进贸易 香港贸易发展局建立庞大资料库——为推广两地贸易不遗余力	现代计算机应用	1994	1994年S1期		香港贸易发展局 ； 资讯科技 ； 海外公司 ； 助理总裁 ； 香港公司 ； 资讯系统 ； 海外买家 ； 合营企业 ； 股市行情 ； 股票行情 ；	<正> 现代商业社会瞬息万变,要在激烈竞争中脱颖而出、屡创佳绩,必须掌握最快最新的商贸资讯。香港贸易发展局提供的“贸发灵”商贸资讯系统,可以利用电脑快捷方便地获得各项商贸资料。香港贸易发展局的助理总裁黎黄谒玲女士说:“香港贸易发展局自1966年成立开始,就很著重数据资料库的建立。初时,主要是搜集香港及海外公司的名单。因为我们有一贸易咨询部,专介绍香港厂商给海外买家,贸易咨询的工作,多年得到香港公司支持,常常利用贸易发展	1994年S1期_利用电脑资讯科技促进贸易+香港贸易发展局建立庞大资料库——为推广两地贸易不遗余力.pdf	http://sso.cdclib.org/interlibSSO/goto/6/=06190596Z93/kcms/detail/detail.aspx?dbCode=cjfq&filename=XDJS1994S1006&dbname=CJFD9498
临机局划一采用Power Bui lder发展目标导向应用软件	现代计算机应用	1994	1994年S1期		应用软件 ； Power Bui lder ； PowerBuilder ； 应用系统 ； 数据库系统 ； 软件开发工具 ； 服务器应用 ； 资讯科技 ； 连接功能 ； 服务器软件 ；	<正> 香港临时机场管理局(简称临机局)选用Powersoft之PowerBuilder目标导向(Object-oriented)客户机/服务器软件开发工具,高速开发企业及部门层面应用系统。面对原有一系列不同品牌之数据库系统,临机局早已制订长远的资讯科技发展策略,自行开发目标导向客户机/服务器应用系统。而PowerBuilder凭著其简易应用图像介面及强劲的连接功能,荣获临机局选用,作为应用系统的统一开发工具。	1994年S1期_临机局划一采用Power+Bui+lder发展目标导向应用软件.pdf	http://sso.cdclib.org/interlibSSO/goto/6/=06190596Z93/kcms/detail/detail.aspx?dbCode=cjfq&filename=XDJS1994S1007&dbname=CJFD9498
AcerAltos伺服器与AcerMate个人电脑把医院运作带入新纪元	现代计算机应用	1994	1994年S1期		个人电脑 ； AcerAltos ； AcerMate ； 伺服器 ； 电脑网络 ； 服务性行业 ； 日常运作 ； 仁安 ； 编写软件 ； 医疗收费 ；	<正> 电脑普及化已成为现今不争的事实。不论工商业、家庭用户、甚至服务性行业,已逐渐开始或扩充电脑的采用。好像新座立于香港的沙田国际医务中心“仁安医院”,最近便购入了多部电脑,除个人电脑外,还包括伺服器,实行将医院的日常运作和医疗事务电脑化。“电脑化是社会的趋势”,仁安医院的资讯管理部经理黄丽嫦表示。据黄小姐所知,香港有很多政府及私立医院,都已拥有自己的电脑网络,并在积极扩充中,目的是为应付目前及未来日益繁杂的医务	1994年S1期_AcerAltos伺服器与AcerMate个人电脑把医院运作带入新纪元.pdf	http://sso.cdclib.org/interlibSSO/goto/6/=06190596Z93/kcms/detail/detail.aspx?dbCode=cjfq&filename=XDJS1994S1008&dbname=CJFD9498
上海证券交易所交易系统选用惠普电脑	现代计算机应用	1994	1994年S1期		上海证券交易所 ； 交易系统 ； 伺服器 ； 软件开发工作 ； Hewlett ； 技术人员 ； 场外交易 ； 资讯科技 ； 国外竞争对手 ； 体系结构 ；	<正> 上海证券交易所在去年投资了270万美元,引进了一套全新的电脑交易系统,主要是为了配合证券交易量、挂牌证券数量和会员数量的急剧增长。该项新系统是由香港科联系统工程公司为上海证券交易负责开发,采用了惠普公司(Hewlett-Packard Company)的HP 9000/827网络伺服器系列,而有关用于经纪个人电脑系统上的前端软件开发工作则由上海证券交易所的技术人员负责。新系统每天能支援一百万宗交易,并能畅顺扩展至每年高达—千万宗交易的处理量,以应付将来的增长需求。是次科联/惠普的设计采用了两级网络伺服器,整个系统由两对HP 9000/827伺服器和两个HP 9000/877型号系统组成。HP9000/827的伺服器用作处理与证	1994年S1期_上海证券交易所交易系统选用惠普电脑.pdf	http://sso.cdclib.org/interlibSSO/goto/6/=06190596Z93/kcms/detail/detail.aspx?dbCode=cjfq&filename=XDJS1994S1009&dbname=CJFD9498
全世界正踏入光碟的年代	现代计算机应用	1994	1994年S1期		圣诞节期间 ； 深圳蛇口 ； 制作公司 ； 制作费 ； 视频卡 ； 倍速 ； 洛石 ； 一炮而红 ； 质素 ； 城中 ；	<正> 香港流行多媒体光碟CD-ROM,还是这几年的事。虽然3年多前,差不多每间电脑零售店,都摆放一盒盒的SoundBlaster光碟机套件(SB之外,当然还有其他牌子,如Compro或Media Vision等,但SB始终是推广面最广),可是很多人还不知道那是什么。直至1992年尾开始,至93年里,香港接连不断的举办电脑展览,大小参展商都推出其多媒体光碟产品,慢慢地,香港电脑“发烧友”便多了一个新话题。展览的效力宏大,果然,香港不少市民开始认识到多媒体在教育、娱乐、商业	1994年S1期_全世界正踏入光碟的年代.pdf	http://sso.cdclib.org/interlibSSO/goto/6/=06190596Z93/kcms/detail/detail.aspx?dbCode=cjfq&filename=XDJS1994S1010&dbname=CJFD9498
没有书本的图书馆:试看明日的图象存储系统	现代计算机应用	1994	1994年S1期		存储系统 ； 图文资料 ； 数据存放 ； 图像压缩技术 ； 资料管理 ； 温度环境 ； 数据库系统 ； 多媒体数据库 ； 彩色打印 ； 多媒体扩展 ；	<正> 目前我们用微形菲林的方法来保存大量重要文件,以减低纸张所占的空间,及增长文件的保存时间。但微形菲林的制作过程麻烦,编排过程困难,保存方法亦受气候温度环境的限制,不是一个永久保存文件的方法,而且在查阅寻找文件时,亦相当费时。现在,我们可以利用计算机图像处理技术,把图像转化成数据存放计算机内,并进行处理,利用资料管理库的软件(DATA BASE)制成图文资料	1994年S1期_没有书本的图书馆:试看明日的图象存储系统.pdf	http://sso.cdclib.org/interlibSSO/goto/6/=06190596Z93/kcms/detail/detail.aspx?dbCode=cjfq&filename=XDJS1994S1011&dbname=CJFD9498
最宜家庭和小型办公室采用的多媒体个人电脑	现代计算机应用	1994	1994年S1期		小型办公室 ； 个人电脑 ； 应用软件 ； 教育软件 ； 多媒体系统 ； 电脑系统 ； 倍速 ； 桌面出版 ； 扩展能力 ； 混音 ；	<正> 为了迎合市面上对价格普及、配置齐备的多媒体个人电脑的殷切需求,国际电脑有限公司(ICL)宣布,其Value Plus系列首度推出多媒体的型号。新产品主要针对家庭用户和小型办公室用户的需求。由于光碟积极进军娱乐及教育软件市场,而且成绩斐然,因此家庭用户对多媒体系统的循求亦随之大增。至于小型办公室用户,因为不少资讯资源和应用软件都以光碟为载体,所以亦需要使用多媒体个人电脑系统。	1994年S1期_最宜家庭和小型办公室采用的多媒体个人电脑.pdf	http://sso.cdclib.org/interlibSSO/goto/6/=06190596Z93/kcms/detail/detail.aspx?dbCode=cjfq&filename=XDJS1994S1012&dbname=CJFD9498
飞驰于资讯超级干线公路上	现代计算机应用	1994	1994年S1期	【作者】 冯文基 ；	干线公路 ； 一本 ； 电脑网络 ； 电信技术 ； 数据传送 ； 媒体形象 ； 电话公司 ； 羊肠小径 ； 电力能源 ； 世界大势 ；	<正> 我们打开坊间上各种报刊杂志恐怕也不大可能错过有关Information Super Highway(资讯超级干线公路)的报导。有一个故事说Microsoft的总裁Bill Gates最近兴起想写一本这题目的书,找出版社谈,出版社劝他还是不要白花心机,因为他们知道同一时间正在撰写这题目的已书籍作者已有30多人,还未包括已出版的著作!既然各种专业的杂志,兴趣刊物以致一般报刊电视电台都在谈论这题目,那么这必然是一个很明确的又重要的题目。	1994年S1期_飞驰于资讯超级干线公路上.pdf	http://sso.cdclib.org/interlibSSO/goto/6/=06190596Z93/kcms/detail/detail.aspx?dbCode=cjfq&filename=XDJS1994S1013&dbname=CJFD9498
网络世界内的通用软件	现代计算机应用	1994	1994年S1期		通用软件 ； 电脑系统 ； 新闻报道 ； 用可 ； 十年 ；	<正> 最近读过某国际通讯社的报导,使我对电脑网络世界(ON LINEWORLD)的最佳资产——软件,的未来发展产生很大的忧虑。无论是在Internet或者在商营网络如CompuServe或Delphi上,大部分的网络用家都会遇上庞大而多样化的软件资料库,充满了适合不同电脑系统和各种工作的软件。这些软件大部分都是所谓通用软件	1994年S1期_网络世界内的通用软件.pdf	http://sso.cdclib.org/interlibSSO/goto/6/=06190596Z93/kcms/detail/detail.aspx?dbCode=cjfq&filename=XDJS1994S1014&dbname=CJFD9498
特宁静中英文打印机	现代计算机应用	1994	1994年S1期		工作环境 ； 文字库 ； 内地市场 ； 日本松下 ； 周边设备 ； 上门维修 ； 州于 ； 环保概念 ；	<正> 现时一般点阵式打印机所发出的噪音,约为50至55分贝;另有特宁静打印机,只发出43.5至46分贝嗓音,多为公司客户采用,以改善工作环境。至于显示器方面,目前欧美国家颇盛行低辐射设计,但价钱较贵,一部日本牌子的14吋低辐射显示器,售价比普通型号贵千多元,短期内难以在港流行。既然这是大势所趋。乐声牌打印机及显	1994年S1期_特宁静中英文打印机.pdf	http://sso.cdclib.org/interlibSSO/goto/6/=06190596Z93/kcms/detail/detail.aspx?dbCode=cjfq&filename=XDJS1994S1015&dbname=CJFD9498
一次成功的开发——国内首家大型银行综合联机应用系统	现代计算机应用	1994	1994年S1期	【作者】 朱建华 ； 【机构】 广州市工商银行科技处 ；	金融电子化 ； 应用系统 ； 对公 ； 综合系统 ； 小型计算机 ； 大型计算机 ； 联机系统 ； 通用计算机 ； 国际金融业 ； 借贷记帐法 ；	<正> 中国金融电子化近20年通过多次的开发、更新,达到适应激烈的专业竞争和终得到的迅速发展。广州市工商银行从日本引进了两台日立M-660大型通用计算机,以日本的第三次联机系统为蓝本成功地开发了目前国内首家的大型银行综合联机应用系统,率先在大型计算机上实现了银行业务处理的综合化。一、我行使用计算机的发展过程我行在70年代未开始使用日立M-150小型计算机作为一种新技术的试验和探讨,仅处理几个营业点的对公储蓄柜台业务。尽管如此,它已包括了会计业务系统和储蓄业务系统,为我行今后使用计	1994年S1期_一次成功的开发——国内首家大型银行综合联机应用系统.pdf	http://sso.cdclib.org/interlibSSO/goto/6/=06190596Z93/kcms/detail/detail.aspx?dbCode=cjfq&filename=XDJS1994S1016&dbname=CJFD9498
PACKARD BELL随机附送导航2.0 Navigator图形介面软件	现代计算机应用	1994	1994年S1期		Navigator ； PACKARD BELL ； 市场研究公司 ； 市场占有率 ； 江湖地位 ； 界中 ； 景像 ； 硬盘空间 ； 记忆体 ； 工作空间 ；	<正> Packard Bell公司于1926年在美国成立,一向均以生产各类型电脑产品为主,在电脑界中具有举足轻重的「江湖地位」 (据专业市场研究公司IDC的最新调查报告,PackardBell的市场占有率在美国市场为第二位,在全世界而言则为第四位)该公司(十月一日)在湾仔会议中心(香港)举行了一个招待会,宣布它们的最新电脑软件产品导航2.0(Navigator)正式投入电脑市场,由一九九四年十一月一日起,Packard Bell公司将于香港免费随机附送这类软件。	1994年S1期_PACKARD+BELL随机附送导航2.0+Navigator图形介面软件.pdf	http://sso.cdclib.org/interlibSSO/goto/6/=06190596Z93/kcms/detail/detail.aspx?dbCode=cjfq&filename=XDJS1994S1017&dbname=CJFD9498
产品新知	现代计算机应用	1994	1994年S1期		使用界面 ； 作业操作 ； 应用软件 ； 操作功能 ； 徽处理器 ； 公司软件 ； 图形处理 ； 业务经理 ； 国标码 ； 体系结构 ；	<正> IBM OS/2操作系统中文版面世 IBM OS/2操作系统己编成中文版,并在今年九月在香港推出。OS/2中文版包括OS/2 T2.1繁体字及OS/2简体字P2.1两个版本。 OS/2 T2.1及P2.1中文版与OS/2 V2.1英文版一样,均是真正的32位预占式多工作业操作系统,可支持多流作业的应用软件。OS/2 T2.1及P2.1提供简便易用的物体导向式使用界面及完善的双字节字符功能。PCDOS、PC DOS/V及MS Windows 3.1的应用软件皆可在OS/2 T2.1及P2.1上运行。OS/2 P2.1在Windows环境下与中文之星兼容。	1994年S1期_产品新知.pdf	http://sso.cdclib.org/interlibSSO/goto/6/=06190596Z93/kcms/detail/detail.aspx?dbCode=cjfq&filename=XDJS1994S1018&dbname=CJFD9498
世界电子游戏机市场空前繁荣、前景广阔	现代计算机应用	1994	1994年S1期	【作者】 肖亚 ；	丰田公司 ； 游戏业 ； 电话公司 ； 电子产品 ； 游戏软件 ； 娱乐系统 ； 硬件开发 ； 蓝色巨人 ； 徽处理器 ； 电子领域 ；	<正> 电子游戏机产业是近年来在全球迅速发展的明星产业。1993年,美国的电子游戏业收入高达5 3亿美元,比电影业还高出4亿美元。全世界的总收入为100亿美元。一盘最受欢迎的游戏卡全年的销售额竟达5亿美元。任天堂公司的年利润在最近已排在第二位,仅次于著名的丰田公司和日本电报电话公司。一种新的传播媒介,一种新的市场出现了。	1994年S1期_世界电子游戏机市场空前繁荣、前景广阔.pdf	http://sso.cdclib.org/interlibSSO/goto/6/=06190596Z93/kcms/detail/detail.aspx?dbCode=cjfq&filename=XDJS1994S1019&dbname=CJFD9498
马发孔出任SAT亚太及中东地区副总裁	现代计算机应用	1994	1994年S1期		副总裁 ； SAT ； 中东地区 ； 人事变动 ； 年度亏损 ； 商业发展 ； Director ； 市场占有率 ； 管理高层 ； 亚洲太平洋 ；	<正> 自从个人电脑制造商虹志电脑(AST)在今年第一季财政年度亏损了四千万美元,虹志电脑起了—连串的变动,先是关闭其在加州的工厂,裁员四百四十人,把笔记簿型电脑的生产线搬到台湾去,更宣布全球性裁员一成。虹志电脑亚洲太平洋(AST Asia Pacific)的管理高层亦作了人事变动,由国际商业发展总监(Director of World Sales)马发礼(RobertN.Mcfarland)担任该公司在亚太区及中东区的副总裁,派驻香港。马发礼在1993年加盟虹志之前,	1994年S1期_马发孔出任SAT亚太及中东地区副总裁.pdf	http://sso.cdclib.org/interlibSSO/goto/6/=06190596Z93/kcms/detail/detail.aspx?dbCode=cjfq&filename=XDJS1994S1020&dbname=CJFD9498
第三个电脑时代	现代计算机应用	1994	1994年S1期		电脑时代 ； 个人电脑 ； 中央处理机 ； Pentium ； 家用电脑 ； 电器公司 ； 家庭娱乐 ； 产品售价 ； 高质素 ； 软件技术 ；	<正> 自从1953年IBM推出世界第一部商业电脑,这就是电脑时代的诞生了。第一代电脑是IBM大型中央处理机的天下,直到1981年,IBM继续以电脑业领导者的地位推出个人电脑IBMPC。连IBM自己也预料不到,个人电脑的出现会使电脑业进入一个新的时代,第二个电脑时代也就属于个人电脑了。由于IBM在初,还眷恋大型中央处理机带来的成功和丰厚利润,忽略了个人电脑市场的发展,由IBM独揽市的情况就不再出现了。随著个人电脑的发展,现代的个人电脑,如Pentium的运算能力,记忆量都已和	1994年S1期_第三个电脑时代.pdf	http://sso.cdclib.org/interlibSSO/goto/6/=06190596Z93/kcms/detail/detail.aspx?dbCode=cjfq&filename=XDJS1994S1021&dbname=CJFD9498
电脑软件大王比尔盖斯	现代计算机应用	1994	1994年S1期		电脑软件 ； 软件界 ； 个人财富 ； 电脑程序 ； 彼德斯 ； 大富翁 ； 保罗艾伦 ； 言下 ； 资讯时代 ； 性情中人 ；	<正> 在电脑圈中,特别是软件界,比尔盖斯(BILL GATES)这个大名差不多无人不识。他可以说是当今世上最精明电脑程序师,最辣手不留情商人,也是公司杀手。由于他的作风,常引致与他人诉讼,政府有关部门进行调查,但每次都无损于他。比尔年仅38岁,是美国全国第二大富翁,个人财富超过60亿美元。他的大本营是在西雅图近郊的REDMOND。他的左右手姬士彼德斯曾这样说:“他是公司灵魂,20世纪最最醒目的人,天才长留青史。他是我所认最具斗争性格的人物。”有人称誉比尔才思敏捷,无人匹敌,	1994年S1期_电脑软件大王比尔盖斯.pdf	http://sso.cdclib.org/interlibSSO/goto/6/=06190596Z93/kcms/detail/detail.aspx?dbCode=cjfq&filename=XDJS1994S1022&dbname=CJFD9498
PC机的主机板	现代计算机应用	1994	1994年S1期		主机板 ； PC ； 中央处理器 ； 随机存储器 ； 协处理器 ； 只读存储器 ； 程序指令 ； 母板 ； 印刷电路板 ； 磁盘驱动器 ；	<正> PC机的主机板又称为系统版(SYSTEMBOARD)或母板(MOTHERBOARD),是位于主机箱内底部的一块大型印刷电路板(Printed circuit board)。它是主机的核心部件,包含有中央处理器CPU、数值协处理器(有些兼容机主板没有)、只读存储器ROM、随机存储器RAM,还有一些扩展槽和各种接口、开关与跳线。 (1)中央处理器CPU (Central Proc-ess Unit)又称为微处理器(Microprocessor),用来执行程序指令,完成各种运算和控制功	1994年S1期_PC机的主机板.pdf	http://sso.cdclib.org/interlibSSO/goto/6/=06190596Z93/kcms/detail/detail.aspx?dbCode=cjfq&filename=XDJS1994S1023&dbname=CJFD9498
电脑网络	现代计算机应用	1994	1994年S1期		黄德华 ； 个人电脑 ； 技术座谈会 ； 管理阶层 ； 电脑网络 ； 网络互连 ； 联机网 ； 高速网络 ； 产品购买 ； 网络市场 ；	<正> 3CDM亚洲有限公司中国及香港区总经理黄德华,一次在网络技术座谈会中指出,早期个人电脑互相独立,彼此并无通讯。当公司个人电脑越来越多,我们要在个人电脑上制作一份报告,其中又牵涉很多资料或自不同部门的数据,如果电脑间没有沟通就很麻烦,要亲身到各部门索取,特别是部门并不同在一个地点,其困难更可想见。又譬如公司购进一台高速镭射打印机,人人都希望用它来打印文件,但这种设备比较昂贵,很难分配得每人一台,在此情况下,只好彼此分时共享。当公司管理阶层要了解各部门运作情况及目前工作进	1994年S1期_电脑网络.pdf	http://sso.cdclib.org/interlibSSO/goto/6/=06190596Z93/kcms/detail/detail.aspx?dbCode=cjfq&filename=XDJS1994S1024&dbname=CJFD9498
建筑物的“神经中枢系统”	现代计算机应用	1994	1994年S1期		网络布线系统 ； 智能大楼 ； 操作环境 ； 神经网络 ； 亦己 ； 信息网络 ； 研究机构 ； 最优化 ； 占有者 ； 华盛 ；	<正> 信息网络己发展到融入日常办公室操作环境,甚至建筑师在设计建筑物时,亦己预置网络布线系统。比如AT&T公司,就发展了一套SYSTIMAX SCS系统,布线网络遍及整座大厦,就像建筑物的「神经网络,中枢神经」一样。系统描述位于华盛颁特区的智能大楼研究机构把智能大楼定义为:通过对建筑物的四个基本要素,即结构、系统、服务、管理以及它们之间的内在关联的最优化考虑,来提供一个投资合理的但又拥有高效率的舒适、温馨、便利的环境。智能大楼帮助大楼的主人、财产管理者、占有者等意识到他们在诸如花锗、舒适,便利以及安全等方面的目标,当然还要考虑到长远的系统灵活性及市场能力。 AT&T的SYSTIMAX	1994年S1期_建筑物的“神经中枢系统”.pdf	http://sso.cdclib.org/interlibSSO/goto/6/=06190596Z93/kcms/detail/detail.aspx?dbCode=cjfq&filename=XDJS1994S1025&dbname=CJFD9498
知识产权	现代计算机应用	1994	1994年S1期		版权保护 ； 中国法制 ； 软件著作权 ； 八年 ； 伯尔尼公约 ； 商标注册 ； 著作权人 ； 电脑软件 ； 登记办法 ； 法律草案 ；	<正> 过过去中国并无完善知识版权保护法例,其情况如其他开发中国家一样,版权盗用及冒牌货充斥市场。特别电脑软件的非法抄用,更为流行。据说一些比较先进的软件都不敢在亚洲或大陆出售,怕一旦被抄,广泛传开去,影响原开发公司的利益。随著中国法制逐渐完善,再加上国际上的关注,多次呼吁中国加强知识版权保护法。到了一九九二年,大陆对知识产权的保护有了明确决定,很多方面有重大进展。中国商标法是一项现代的看法,广泛地研究了美国、日本和一些欧洲国家的商标法后才制定的。商标法及一九八八年一月三十	1994年S1期_知识产权.pdf	http://sso.cdclib.org/interlibSSO/goto/6/=06190596Z93/kcms/detail/detail.aspx?dbCode=cjfq&filename=XDJS1994S1026&dbname=CJFD9498
计算机通信的桥梁——调制解调器	现代计算机应用	1994	1994年S1期		计算机通信 ； MODEM ； 网络系统 ； 金融业务 ； 脱机状态 ； 接收数据 ； 音频信号 ； 终端系统 ； 两台 ； 异步通信 ；	<正> 计算机通信的桥梁——调制解调器计算机网络系统和计算机问的相互通信如今在金融业务的各个领域内应用已相当普及,网络之间的连接可以是专用线,也可以利用民用的电话线,特别是利用普通民用电话线,加上MODEM—调制解调器,实现两台计算机之间的通信(无论是在DOS操作系统,还是XENIX操作系统)已很容易,而且价格使宜,下面就MODEM的若干问题详细介绍。	1994年S1期_计算机通信的桥梁——调制解调器.pdf	http://sso.cdclib.org/interlibSSO/goto/6/=06190596Z93/kcms/detail/detail.aspx?dbCode=cjfq&filename=XDJS1994S1027&dbname=CJFD9498
“三金工程”中国信息产业新时代!	现代计算机应用	1994	1994年S1期		“三金工程” ； 信息产业 ； 金卡工程 ； 国家科委 ； 重点项目 ； 国家计委 ； 经济发展 ； 邹家华 ； 金关 ； 国家经贸委 ；	<正> “三金工程”是中国电子信息业在公元2000年前后跨世纪的重点项目。标志著中国信息产业新时代,并预期为中国经济发展带来庞大经济效益,目前正进行得如火如荼,部分工程将于年底前开通。“三金工程”是指:金桥工程(国家公用经济信息通用网),金关工程(外贸信息网联网),金卡工程(金融货币电子化)。“三金工程”属中国电子信息业未来跨世纪的重点项目,为了协调各部门的利益和进行各部门的合作,中国国家计委、国家经贸委、电子部、邮电部、财政部、国家科委、教委、中国人民银行等二十多个部门,于去年12月组成“国家经济信息化联席会	1994年S1期_“三金工程”中国信息产业新时代!.pdf	http://sso.cdclib.org/interlibSSO/goto/6/=06190596Z93/kcms/detail/detail.aspx?dbCode=cjfq&filename=XDJS1994S1028&dbname=CJFD9498
NEC重视中国市场	现代计算机应用	1994	1994年S1期		通信设备 ； 生产设备 ； 销售活动 ； NEC ； 遍及全球 ； 日本电气 ； 一百六 ； 亚洲部分 ； 电话交换机 ； 十年 ；	<正> 设合资公司生产电脑对入关后发展更具信心。日本电气株式会社(NEC)是世界上屈指可数的,通信生产设备,电子计算机以及电子器件的厂家,开发、生产及销售活动遍及全球各地。目前,NEC的产品在全世界大约一百六十多个国家得到广泛的应用。NEC和中国的关系极为密切,自中日恢复邦交以来,NEC在中国有长达二十年以上的历史。长期以来,NEC向中国提供电话机,传输通信设备,无线通信设备、卫星通信设备,电子计算机,电视机、移动电话、寻呼机设备、半导体等。到目前为止,已经和中国	1994年S1期_NEC重视中国市场.pdf	http://sso.cdclib.org/interlibSSO/goto/6/=06190596Z93/kcms/detail/detail.aspx?dbCode=cjfq&filename=XDJS1994S1029&dbname=CJFD9498
令牌环转接技术纵览	现代计算机应用	1994	1994年S1期	【作者】 MadgeAsia ； 伍长辉 ；	软件性质 ； 局域网技术 ； 环转 ； 局城网 ； 运算效率 ； 运用方式 ； 应用软件 ； 增长数字 ； 网络互连 ； 工作流 ；	<正> 微机和局域网(LAN)的运用方式已对企业所用的计算机软件性质构成深远影响。利用微机和局域网技术的软件在开发上较以前快捷,运算效率也有长足进步。精简化、客户机/服务机运算、电子邮递、工作组设施、会议等应用的增长数字直线上升。	1994年S1期_令牌环转接技术纵览.pdf	http://sso.cdclib.org/interlibSSO/goto/6/=06190596Z93/kcms/detail/detail.aspx?dbCode=cjfq&filename=XDJS1994S1030&dbname=CJFD9498
个人计算机的演化进程	现代计算机应用	1994	1994年S1期	【作者】 蔡浩良 ； 【机构】 香港城市理工学院 讲师 ；	个人计算机 ； 演化进程 ； Motorola ； 操作环境 ； 虚拟存储器 ； 总线设计 ； 协处理器 ； 中央处理器 ； 总线技术 ； 应用层面 ；	<正> 个人计算机(PersonalComputer)的使用目前已相当普及,功能亦发展得十分迅速,可谓“五花八门”,应有尽有。回顾PC的发展进程,可以说有人欢笑有人愁。最早期的个人计算机产品,由苹果(APPLE)公司所制造的APPLEII计算机可算是代表。在70年代,当时普遍所使用的个人计算机CPU是以Motorola的6502和Zilog的Z-80为主,前者使用APPLE	1994年S1期_个人计算机的演化进程.pdf	http://sso.cdclib.org/interlibSSO/goto/6/=06190596Z93/kcms/detail/detail.aspx?dbCode=cjfq&filename=XDJS1994S1031&dbname=CJFD9498
摩托罗拉无线通讯的专冢PowerPC的始创者	现代计算机应用	1994	1994年S1期		PowerPC ； 无线电通讯 ； 徽处理器 ； 半导体制造 ； 主要器材 ； 电脑系统 ； 中文译名 ； 数据通讯 ； 半导体芯片 ； 中国大陆市场 ；	<正> 在电子通讯方面,摩托罗拉(MOTOROLA)大名,无人不知晓,摩托罗拉在香港有一间厂,译为「万力」,电脑系统部亚太区总监张锦华称这是历史遗留下来问题,MOTOROLA全球正式中文译名应为摩托罗拉,无论台湾或大陆都是采用这个名字。他谓公司非但以无线电通讯见著,也是世界主要半导体制造厂,包括生产各类晶片及先进徽处理器。其主要器材业务包括蜂窝式电话、双向无线电、传呼机(PAGER)及数据通讯,也涉及国防及太空电子和电脑系	1994年S1期_摩托罗拉无线通讯的专冢PowerPC的始创者.pdf	http://sso.cdclib.org/interlibSSO/goto/6/=06190596Z93/kcms/detail/detail.aspx?dbCode=cjfq&filename=XDJS1994S1032&dbname=CJFD9498
如何建立效率的全国资讯基建系统?	现代计算机应用	1994	1994年S1期		投资方法 ； 银行借款 ； 管理顾问 ； 证券投资 ； 分享利润 ； 持续发展 ； 电讯网络 ； 管理计划 ； 中国日报 ； 国际投资 ；	<正> 中国领导层深知,要维持经济的持续发展,就必须打破电讯的樽颈,同时,为了加强政府效率,亦致力于建立一高效率的全国资讯基建系统。政府内各部门所关心的,是部门的权力及威望,故中央的邮务电讯部正努力于各部门纷纷尝试加入电讯市场之时,争取维持其优势。在下层,各方争取的却并非各部部长的戚望,而是收入和利润。	1994年S1期_如何建立效率的全国资讯基建系统?.pdf	http://sso.cdclib.org/interlibSSO/goto/6/=06190596Z93/kcms/detail/detail.aspx?dbCode=cjfq&filename=XDJS1994S1033&dbname=CJFD9498
国内微机市场面面观	现代计算机应用	1994	1994年S1期		市场报告 ； 中国研究 ； 统计所 ； 统计数字 ； 市场占有率 ； 工业自动化 ； 康柏 ； 大城市 ； 机装 ； 终端站 ；	<正> 据中国研究公司的一份市场报告,本世纪末,中国将成为全球最大的微机市场之一。目前中国计算机销售呈现加速上升的趋势。预测微机全年销售量为55万台,比去年的38万5000台增长百分之43。到今年年底,全国微机装机总量会达到190万台。这些庞大数字,业内人士还提出质疑,因为统计所能计算的都是按官方进口的原装货,至于其他渠道的,则难以追综了。所以按常理推断,中国微机市场应比这些统计数字还要大。	1994年S1期_国内微机市场面面观.pdf	http://sso.cdclib.org/interlibSSO/goto/6/=06190596Z93/kcms/detail/detail.aspx?dbCode=cjfq&filename=XDJS1994S1034&dbname=CJFD9498
PC在国内的发展正如日方中	现代计算机应用	1994	1994年S1期		石油化工业 ； 市场调查公司 ； 建筑材料 ； 铁路运输 ； PC ； 电子业 ； 电脑公司 ； 技术优势 ； 市场占有率 ； 市场潜力 ；	<正> 根据市场调查公司DATAQUEST的统计,在中国大陆每年PC的付运从1981年不足1500台,到了1993年已高达40万台。今年PC在各行业获广泛应用,例如银行金融业、铁路运输、电力供应站、石油化工业、电子业、建筑材料及机械制造业。到了1993年尾,中国累积安装PC总台数达到118万。不过,DATAQUEST认为有意义量度中国PC的普及率,应该把占人口80％的农民排除。当不计农民时候,	1994年S1期_PC在国内的发展正如日方中.pdf	http://sso.cdclib.org/interlibSSO/goto/6/=06190596Z93/kcms/detail/detail.aspx?dbCode=cjfq&filename=XDJS1994S1035&dbname=CJFD9498
全球电脑英豪榜——个人电脑市场风起云涌,变化万千	现代计算机应用	1994	1994年S1期		电子数字计算机 ； 伯丁 ； ENIAC ； 变化万千 ； 武器试验场 ； 数值积分 ； 占地面积 ； 独立式 ； 环保水平 ； 徽处理器 ；	<正> 世界上第一台电子数字计算机于1946年问世。它是美国奥伯丁武器试验场为了满足计算弹道的需要而研制的,名字叫ENIAC,即ELECTRONICNUMERICAL INTEGRATOR ANDCOMPUTER字头的缩写。意思是“电子数值积分和计算机”。这台古董计算机与今天的电脑相比,显得像一个巨无霸,因为它重30吨,体积三千立方英米,占地面积170	1994年S1期_全球电脑英豪榜——个人电脑市场风起云涌,变化万千.pdf	http://sso.cdclib.org/interlibSSO/goto/6/=06190596Z93/kcms/detail/detail.aspx?dbCode=cjfq&filename=XDJS1994S1036&dbname=CJFD9498
全球电脑英豪榜——名列国内市场的……虹志电脑	现代计算机应用	1994	1994年S1期		国内市场 ； 维修中心 ； 合资厂 ； 大城市 ； 系列产品 ； 副总裁 ； 徽处理器 ； 销售办事处 ； 游戏软件 ； 销售服务 ；	<正> 虹志电脑(AST)是众人皆知的名牌,早于1988年便进入我国市场,在北京设立代表办事处,翌年成立维修中心,又分别于1991年在上海及1993年在成都设立办事处。这些大城市成为其进军腹地市场的据点。该公司产品一向备受用户欢迎,所以多年来其销量高据榜首,但近来有报导称其在内地的盟主宝座不保,受到其他名牌挑战,就销量而言,已屈居亚军,而且更有传闻谓其在天津的合资厂,生产线出了问题,延迟投产。此外也有报导说去年AST的PA系列产品出现一些故障,以及水货充斥,引致买家却步。	1994年S1期_全球电脑英豪榜——名列国内市场的……虹志电脑.pdf	http://sso.cdclib.org/interlibSSO/goto/6/=06190596Z93/kcms/detail/detail.aspx?dbCode=cjfq&filename=XDJS1994S1037&dbname=CJFD9498
善用结盟策略的迪吉多	现代计算机应用	1994	1994年S1期		计算机行业 ； 系统供应商 ； 系统制造商 ； 营业总额 ； 网络软件 ； 北大方正 ； 名第 ； 中国工商银行 ； 清算系统 ； 交通银行 ；	<正> 迪吉多(DEC)于1957年成立,在美国计算机行业中排名第二,亦是全球量大的计算机系统制造商及供应商之一。该公司的营业总额达140亿美元,业务遍及100多个国家,全球雇员人数超过8万名。公司在亚洲区的业务遍及日本和其他14个国家及地区,在台湾、新加坡、马来西亚、印尼及印度等地都设有厂房。迪吉多是全球首要的个人电脑、开放式客户机/服务器电脑系统供应商。该公司又以其ALPHA AXP可定标电脑运算结构,储存产品,网络软件	1994年S1期_善用结盟策略的迪吉多.pdf	http://sso.cdclib.org/interlibSSO/goto/6/=06190596Z93/kcms/detail/detail.aspx?dbCode=cjfq&filename=XDJS1994S1038&dbname=CJFD9498
蓝色巨人	现代计算机应用	1994	1994年S1期		蓝色巨人 ； 国际商业 ； 中文译名 ； 千人 ； 公司技术人员 ； 市场策略 ； 人类工程学 ； 中国市场 ； 科里根 ； 距离截止 ；	<正> 电脑圈中,IBM是“大哥大”之一,素有蓝色巨人之称。IBM正式中文译名是“国际商业机器”,但一般人仍用它的俗名“万国商业机器”,一时间恐怕不易立刻改正过来。无论怎样称呼,总之IBM就代表了电脑巨人。这个称谓,并非浪得虚名,去年度其营业额达627亿美元,全球总员工虽经多次削减,仍然超过25万6千人。为了精简人手,估计到1994年底,可能削减至21万5于人。 IBM于1917年创立,当年以生产商业用机械式计算机(TABULATOR),为	1994年S1期_蓝色巨人.pdf	http://sso.cdclib.org/interlibSSO/goto/6/=06190596Z93/kcms/detail/detail.aspx?dbCode=cjfq&filename=XDJS1994S1039&dbname=CJFD9498
异军突起的康柏COMPAQ电脑	现代计算机应用	1994	1994年S1期		康柏 ； COMPAQ ； 取胜之道 ； 连接性 ； 销售任务 ； 产品领先 ； 衰退期 ； 工业标准 ； 家庭办公室 ； 产品生命周期 ；	<正> 康柏(COMPAQ)近年在电脑业的出色表现,特别是个人电脑方面,真是震惊四座,其销量已居世界冠军。这个名牌风摩全球各地,在国内也不例外。看看其93年财政年度骄人业绩就使人信服。由于该公司在92年中采取新的市场推销策略,因此康柏凭极大冲劲进入93年营业额从92年的41亿美元跳升至72亿美元,增长高达75％。成绩突出的主要原因是93年整个电脑行业并不看好,很多大	1994年S1期_异军突起的康柏COMPAQ电脑.pdf	http://sso.cdclib.org/interlibSSO/goto/6/=06190596Z93/kcms/detail/detail.aspx?dbCode=cjfq&filename=XDJS1994S1040&dbname=CJFD9498
巧用Windows3.1画笔软件打印特大汉字	电脑与微电子技术	1994	1994年04期	【作者】 梁朝建 ； 【机构】 广东新会涤纶厂股份有限公司长丝一厂 529100 ；	画笔软件 ； WPS文字处理系统 ； 特大汉字 ；	本文巧妙地利用Windows3.1画笔软件与WPS文字处理系统,配合使用普通的24针打印机,即可平滑地打印出最大宽度至48厘米的特大汉字,具有很高的商用价值。	1994年04期_巧用Windows3.1画笔软件打印特大汉字.pdf	http://sso.cdclib.org/interlibSSO/goto/6/=06190596Z93/kcms/detail/detail.aspx?dbCode=cjfq&filename=XDJS199404000&dbname=CJFD9498
加油站微机主从监控系统研制	电脑与微电子技术	1994	1994年04期	【作者】 程启明 ； 【机构】 江苏盐城工业专科学校 ；	IBM—PC主机 ； 8098从机 ； 主从分布式 ；	本文介绍了两级主从分布式加油站油量微机监控系统。该系统由一台IBM—PC主机和多台8098从机组成,主机负责监视和管理,从机用于控制,主从机采用串行口通讯。本系统具有设计合理、可靠性高、控制精度好、功能强、价格低和使用方便等特点,具有很好的社会、经济效益。	1994年04期_加油站微机主从监控系统研制.pdf	http://sso.cdclib.org/interlibSSO/goto/6/=06190596Z93/kcms/detail/detail.aspx?dbCode=cjfq&filename=XDJS199404001&dbname=CJFD9498
给.EXE文件加上反病毒外壳	电脑与微电子技术	1994	1994年04期	【作者】 王苹 ；	自我修复 ； SHELL ； 堆栈段 ； 代码段 ； SCAN ； 段地址 ； 能将 ； umber ； 写回 ； handle ；	<正> 现在,有些软件,如SCAN等,具有自我修复的反病毒功能。这类软件在被病毒感染后,运行时会出现“文件已被修改,是否自我修复?”之类的提示,并能将自身复原。可以设想,如果每个软件都具有这种功能,文件型病毒就难以肆虐了。 基于这种想法,笔者编写了两个小程序SHELL.C和WARN.ASM,用于给需要保护的.EXE文件加上一层反病毒外壳,使其能察觉病毒的感染并进行自我修复。使用前要将warn.asm汇编,链接,再转换成warn.com,最后改名为warn.dat。shell.c当然是编译,	1994年04期_给.EXE文件加上反病毒外壳.pdf	http://sso.cdclib.org/interlibSSO/goto/6/=06190596Z93/kcms/detail/detail.aspx?dbCode=cjfq&filename=XDJS199404002&dbname=CJFD9498
基于并行处理的奇偶交换排序	电脑与微电子技术	1994	1994年04期	【作者】 师军 ； 【机构】 陕西师范大学计算机系 710062 ；	交换排序 ； 并行处理 ； 奇偶 ； 串行排序 ； 多处理机 ； 初始表 ； 并行性 ； 应用领域 ； 资料整理 ； 时间开销 ；	<正> 排序通常指把一批杂乱无章的数据或记录,按特定的次序标准,整理成一定顺序的过程。这种方法在商业数据处理,情报资料整理等很多应用领域有着广泛的应用。目前已出现了许多有关排序的方法,但其中大多数都是基于单处理机的串行排序方法。奇偶交换排序方法在单处理机上运行效率较低,但该方法在多处理机上实现效率却很高。 设有n个元素的初始表(a(1),a(2),…,a(n)),表中的元素杂乱无章地存放着。所谓奇偶交换排序就是对该表进行n/2次迭代,每次迭代进行两遍扫描:	1994年04期_基于并行处理的奇偶交换排序.pdf	http://sso.cdclib.org/interlibSSO/goto/6/=06190596Z93/kcms/detail/detail.aspx?dbCode=cjfq&filename=XDJS199404003&dbname=CJFD9498
单片微机与RS—232串行通讯口的联接	电脑与微电子技术	1994	1994年04期	【作者】 王成义 ； 杨戈 ； 【机构】 河南郑州解放军电子技术学院 ； 河南郑州解放军电子技术学院 ；	串行通讯 ； RS ； 单片微机 ； 电平转换电路 ； 外部输入 ； 接口电路 ； 电平信号 ； 通讯距离 ； 数传机 ； 数据通讯 ；	本文介绍了单片机与RS—232串行通迅口的联结方法及电平转换电路。	1994年04期_单片微机与RS—232串行通讯口的联接.pdf	http://sso.cdclib.org/interlibSSO/goto/6/=06190596Z93/kcms/detail/detail.aspx?dbCode=cjfq&filename=XDJS199404004&dbname=CJFD9498
扩展FORTRAN实用图形窗口功能	电脑与微电子技术	1994	1994年04期	【作者】 邓中明 ； 【机构】 430073武汉 ；	FORTRAN ； 图形窗口功能函数 ；	<正> 一.引 言 FORTRAN语言以其编程简单,结构清晰,及高效的科学计算功能被广泛应用于科学技术等领域。由于FORTRAN语言本身没有提供绘图功能,必须调用汇编语言来编写基本绘图子程序[1][2]来绘点、线等。然而,当要绘制各种工程用的复杂图形时(如各种函数的图象、散点图、直方图、概率图等),人们通常采用直角坐标系统来绘制上述二维关系分布图。若采用中提供的基本画点、线、框架、圆语句来绘制工程数据图	1994年04期_扩展FORTRAN实用图形窗口功能.pdf	http://sso.cdclib.org/interlibSSO/goto/6/=06190596Z93/kcms/detail/detail.aspx?dbCode=cjfq&filename=XDJS199404005&dbname=CJFD9498
给C语言增添SHELL函数	电脑与微电子技术	1994	1994年04期	【作者】 杜小平 ； 【机构】 西南石油学院 ；	SHELL ； C语言 ； 应用程序 ； 编辑状态 ； 编辑软件 ； SOLID ； 储存空间 ； 一屏 ； driver ； command ；	<正> SHELL功能的意思是:在包含SHELL函数的应用程序中执行该功能,用户能够暂时离开应用程序环境,退到DOS的命令状态,从而执行任何一条DOS命令。当键入EXIT命令后,又返回到应用程序。这样就可做到在不退出应用程序的条件下,完成别的任务。例如,在编辑文件的时候,若需要将其他文件调入当前编辑窗口,而又记不清欲调入文件的名字时,如果正运行的编辑软件具有SHELL功能,就可暂时退出编辑状态,待执行DIR命令找到文件名后再回到编辑	1994年04期_给C语言增添SHELL函数.pdf	http://sso.cdclib.org/interlibSSO/goto/6/=06190596Z93/kcms/detail/detail.aspx?dbCode=cjfq&filename=XDJS199404006&dbname=CJFD9498
FOXPRO中建立应用程序APP和EXE文件	电脑与微电子技术	1994	1994年04期	【作者】 丁敏 ； 【机构】 广东番禺市工艺时装集团公司电脑部 ；	FOXPRO ； EXE文件 ； APP ； 应用程序 ； 管理系统软件 ； WINDOWS ； 新一代数据 ； 公司兼并 ； 可执行程序 ； 硬盘空间 ；	<正> FOXPRO2.0是89年推出的功能较强的新一代数据库管理系统软件,91年由MICROSOFT公司兼并FOX SOFTWARE公司后,更推出FOXPRO2.5 FORWINDOWS版,令到FOXPRO更加赏心悦目,其中窗口和菜单的制作简单,画面立体感强,色彩生动;FOX-PRO支持鼠标的功能更为广大WINDOWS使用者所青睐。对于我国众多的FOXBASE用户来说,FOXPRO无疑是DBASE、FOXBASE的优秀替代品,广大的数	1994年04期_FOXPRO中建立应用程序APP和EXE文件.pdf	http://sso.cdclib.org/interlibSSO/goto/6/=06190596Z93/kcms/detail/detail.aspx?dbCode=cjfq&filename=XDJS199404007&dbname=CJFD9498
Windows下的动态数据交换	电脑与微电子技术	1994	1994年04期	【作者】 蔡鸣 ；	动态数据交换 ； Windows ； 应用程序 ； 操作环境 ； 动态链接库 ； 信息组合 ； 消息传递 ； 日常事务处理 ； 业务变化 ； 应用编程 ；	<正> 一、引言 Windows是目前最受欢迎的新一代操作环境。它除了给我们带来丰富多彩、易于使用的图形界面外,在其众多的特色中,最引人注目的是把多个应用程序组合起来的功能。Windows允许用户在各种应用程序之间方便地共享信息,它可使多个完成各自特殊任务的应用程序能够一起工作,通过对所需的图表、图像、文字和声音等信息进行粘贴和链接,最后产生一个综合的、精确的、专业化水平的结果。这种信息组合的方	1994年04期_Windows下的动态数据交换.pdf	http://sso.cdclib.org/interlibSSO/goto/6/=06190596Z93/kcms/detail/detail.aspx?dbCode=cjfq&filename=XDJS199404008&dbname=CJFD9498
直接修改DOS使DIR命令能够列出隐含文件及目录	电脑与微电子技术	1994	1994年04期	【作者】 狄振强 ； 【机构】 山东曲阜师范大学物理系 273165 ；	DIR ； DOS ； 文件目录 ； 当前目录 ； 段地址 ； 修改操作 ； 于非 ； failed ； break ；	<正> DOS 5.0中利用带参数的DIR命令,可以列出盘中的隐含文件及隐含目录,然而DOS 3.3X版本中却没有此功能。笔者曾编制了一个具有六个功能的查询隐含文件及目录的实用程序[参见本刊94.2期],但它较适合于集中、大量查找显示的情况。当仅查看当前所处的子目录下的隐含文件及目录时(而不是全盘中的),假若上面的查询实用程序不在当前目录下,则必须退出该目录并进入到查询程序所在的目录中。这样,仅仅为了查看当前目录,就必须转去动用全盘查	1994年04期_直接修改DOS使DIR命令能够列出隐含文件及目录.pdf	http://sso.cdclib.org/interlibSSO/goto/6/=06190596Z93/kcms/detail/detail.aspx?dbCode=cjfq&filename=XDJS199404009&dbname=CJFD9498
图形模式下的中西文键盘接收	电脑与微电子技术	1994	1994年04期	【作者】 朱诗兵 ；	图形模式 ； 文本模式 ； 扫描代码 ； 中断向量表 ；	本文从键盘的扫描代码进行分析,考虑到中文写屏与屏幕操作的矛盾,编写了图形模式下的中西文键盘接收程序。	1994年04期_图形模式下的中西文键盘接收.pdf	http://sso.cdclib.org/interlibSSO/goto/6/=06190596Z93/kcms/detail/detail.aspx?dbCode=cjfq&filename=XDJS199404010&dbname=CJFD9498
图形模式下的滚屏实现	电脑与微电子技术	1994	1994年04期	【作者】 朱诗兵 ；	getimage函数 ； putimage函数 ；	本文从文本模式和图形模式两种情形下讨论了屏幕的滚动,利用getimage函数和putimage函数实现了图形模式下的滚屏,并给出源程序。	1994年04期_图形模式下的滚屏实现.pdf	http://sso.cdclib.org/interlibSSO/goto/6/=06190596Z93/kcms/detail/detail.aspx?dbCode=cjfq&filename=XDJS199404011&dbname=CJFD9498
QBasic图像转换	电脑与微电子技术	1994	1994年04期	【作者】 卢景安 ；	QBasic ； 图像转换 ； 图像数组结构 ； 模块化结构编程风格 ；	通过剖析QBasic的图像数组结构,提供一条对图像进行转换的途径,并采用QBasic的模块化结构编程风格编制图像转换子程序和函数以实现图像的转换。	1994年04期_QBasic图像转换.pdf	http://sso.cdclib.org/interlibSSO/goto/6/=06190596Z93/kcms/detail/detail.aspx?dbCode=cjfq&filename=XDJS199404012&dbname=CJFD9498
独立于库结构的FOXBASE程序设计	电脑与微电子技术	1994	1994年04期	【作者】 管丽 ； 【机构】 北京师范大学 ；	库结构 ； FOXBASE ； 信息管理系统 ； 段名 ； 报表输出 ； 用户数据库 ； 描述信息 ； 子库 ； 人机交互 ； 系统编程 ；	<正> 在许多信息管理系统(MIS)的设计中,往往其程序是与库结构及字段名紧密相关的,如果要更改库结构,哪怕只是改动了库的字段名,则需要多处改动相关的程序,稍有疏忽,便会出现运行错误。这样设计出来的程序对库的依赖性很强,不仅修改不便,而且不能通用。其实,综观各种信息管理系统,几乎都有相同的输入、修改、查询等功能,因此,若能设计出与库结构相互独立的程序模块,应用于不同的一套数据	1994年04期_独立于库结构的FOXBASE程序设计.pdf	http://sso.cdclib.org/interlibSSO/goto/6/=06190596Z93/kcms/detail/detail.aspx?dbCode=cjfq&filename=XDJS199404013&dbname=CJFD9498
Louts推出Organizer 1.1中文版新产品	电脑与微电子技术	1994	1994年04期	【机构】 Lotus中国公司 ；	Lotus ； 个人信息管理 ； Louts ； Organizer 1.1 ； 软件产品 ； 操作环境 ； 研究机构 ； 系统试运行 ； 辅助设施 ； 通讯产品 ；	<正> 从1992年Lotus推出Organizer 1.0 for Windows至今,该产品一直畅销世界各地。Organizer产品曾被设在美国的IDC研究机构列为最畅销的个人信息管理软件产品。 Lotus Organizer是一种在Windows操作环境下使用的个信息管理工具,是Lotus家族一种引伸产品。它结合传统笔记本式安排工作日程方式,使人们可以从视觉到感觉上对所要进行的工作有一个更深刻的印	1994年04期_Louts推出Organizer+1.1中文版新产品.pdf	http://sso.cdclib.org/interlibSSO/goto/6/=06190596Z93/kcms/detail/detail.aspx?dbCode=cjfq&filename=XDJS199404014&dbname=CJFD9498
FOXBASE任意区域花样清屏种种	电脑与微电子技术	1994	1994年04期	【作者】 顾建飞 ； 【机构】 哈电工管理系 ；	任意区域 ； FOXBASE ； 小数位 ； 数据库形式 ； 数值型 ； 子过程 ； 指定区域 ； SPACE ； 下角 ； 段长度 ；	<正> 使用FORXBASE所提供的CLEAR与@<行1,列1>CLEAR TO<行2,列2>命令在瞬间可以实现整屏和区域屏幕的清除,但理想的清屏方式往往不能单纯以速度之快慢来衡量,更应考虑到其艺术效果。 以前刊物曾经有过这方面技巧的介绍,但大多是对整屏进行操作。鉴于在程序模块的运行中,经常要求的是区域性的屏幕的清除,笔者开发了在用户指定的区域内实现艺术清屏方法七种。分别为:区域旋转式(CR.PRG)、区域开幕式(CSM.PRG)、区域卷帘式	1994年04期_FOXBASE任意区域花样清屏种种.pdf	http://sso.cdclib.org/interlibSSO/goto/6/=06190596Z93/kcms/detail/detail.aspx?dbCode=cjfq&filename=XDJS199404015&dbname=CJFD9498
介绍空心汉字与汉字阴影的一种特显技术	电脑与微电子技术	1994	1994年04期	【作者】 高铁杠 ； 顾巧论 ； 【机构】 天津塘沽707所 ； 天津塘沽707所 ；	显示方法 ； 软件开发者 ； 应用程序 ； 象素点 ； 参数选择 ； 库文件 ； 阴子 ； elude ； 气月 ； 天津塘沽 ；	<正> 在应用程序的设计中,漂亮的菜单往往会给人耳目一新的感觉,因此,无论是西文状态下汉字的显示技巧还是汉字系统下的汉字特显技术都为软件开发者所重视。笔者今向大家介绍两种西文状态下汉字的特显技术,即空心汉字和阴影汉字的实现方法,它们的字库可用[1]形成的字库,也可用原字库,如:hzk24s,hzk16等。这两种显示方法均已用于笔者的程序设计中,效果很好,今向大家介绍如下:	1994年04期_介绍空心汉字与汉字阴影的一种特显技术.pdf	http://sso.cdclib.org/interlibSSO/goto/6/=06190596Z93/kcms/detail/detail.aspx?dbCode=cjfq&filename=XDJS199404016&dbname=CJFD9498
谈键盘功能的自动切换	电脑与微电子技术	1994	1994年04期	【作者】 高铁杠 ； 【机构】 天津塘沽707所 ；	打印功能 ； 管理系统 ； 五笔 ； 音码 ； 人工干预 ； 输入方式 ；	<正> 2.13汉字系统以其完备的显示与打印功能使广大的计算机用户津津乐道,尤其是使用管理系统的人员更多以此作为首选汉字系统。但是,一般情况下,我们在使用管理系统时总会用到键盘功能的切换。比如,在拼音或五笔状态下输入汉字,如果转换到西文状态下输入英文字母,如果程序中不加任何设置,则必须先按Alt+F6进行输入格式切换。再有当我们需	1994年04期_谈键盘功能的自动切换.pdf	http://sso.cdclib.org/interlibSSO/goto/6/=06190596Z93/kcms/detail/detail.aspx?dbCode=cjfq&filename=XDJS199404017&dbname=CJFD9498
利用键的双重定义提高WPS的录入速度	电脑与微电子技术	1994	1994年04期	【作者】 狄振强 ； 【机构】 山东曲阜师范大学物理系 273165 ；	汉字输入法 ； WPS ； 操作命令 ； 状态转换 ； 英文字符 ； 半角 ； 查找内容 ； 批处理文件 ； 全角 ； 控制键 ；	<正> 利用WPS丰富的操作命令和优秀的汉字输入法,可以很方便地进行文字的录入、编辑等工作。特别是利用盲打可以极大地提高录入速度。然而,当进行中英文混合输入时,每次进行中英文状态转换时,其按键操作都将中断盲打输入,这在很大程度上影响了录入的速度。另外,在很多情况下需要在“半角”状态下录入文字,此时句号“。”的输入也颇为麻烦,需要先按ALT+F9组合键进入图形/符号方式,然后再按数	1994年04期_利用键的双重定义提高WPS的录入速度.pdf	http://sso.cdclib.org/interlibSSO/goto/6/=06190596Z93/kcms/detail/detail.aspx?dbCode=cjfq&filename=XDJS199404018&dbname=CJFD9498
用数据库实现阴影和字符的移动	电脑与微电子技术	1994	1994年04期	【作者】 王兴辉 ； 【机构】 广西教育学院教研部 ；	数据库实现 ； 弹出式菜单 ； 应用软件 ； 管理界面 ； 黑底 ； CASE ； 动态效果 ； 彩显 ； 下角 ； 显清 ；	<正> 近年来出现的一些应用软件管理界面越来越美观,其特点概括起来为:优美的色彩,弹出式的菜单,立体感的阴影和有趣的动画。这几方面巧妙的结合就形成了活泼有趣的画面。 用数据库命令编程完全可以实现这一画面,其中色彩的实现并不难,因为数据库提供了SET COLO TO命令,设置色彩很简单;关于弹出式菜单的实现已有很多人介绍过;这里主要谈谈阴影和字符移动的实	1994年04期_用数据库实现阴影和字符的移动.pdf	http://sso.cdclib.org/interlibSSO/goto/6/=06190596Z93/kcms/detail/detail.aspx?dbCode=cjfq&filename=XDJS199404019&dbname=CJFD9498
解决MS—DOS 6.20下运行内存不足的方法	电脑与微电子技术	1994	1994年04期	【作者】 马君杰 ； 【机构】 抚顺石油学院计算中心 113001 ；	DOS 6.20 ； MS ； 内存分配 ； 常规内存 ； 个人计算机 ； 设备驱动程序 ； 模拟显示 ； 加载系统 ； 剩余空间 ；	<正> 我们最近购买了一批具有640K常规内存、384上部内存、1MB扩充内存和VGA卡的80386个人计算机。当安装了MS-DOS 6.20操作系统、金山汉字系统SPDOS 6.OF和WPS 3.OF后,使用常规方法加载系统并运行WPS发现:使用WPS的模拟显示和打印文件功能时系统显示“内存不足”的信息,使其无法实现所要求的功能。 使用MEM/C命令查看内存分配情况,可看到MSDOS、COMMAND、SPDOS、WBX等模块和一些设备驱动程序都驻留在常规内存中。显然,这就是造成常	1994年04期_解决MS—DOS+6.20下运行内存不足的方法.pdf	http://sso.cdclib.org/interlibSSO/goto/6/=06190596Z93/kcms/detail/detail.aspx?dbCode=cjfq&filename=XDJS199404020&dbname=CJFD9498
lotus推出中文版cc:Mail Dos Mobile 3.4	电脑与微电子技术	1994	1994年04期	【机构】 Lotus中国公司 ；	lotus ； 通讯手段 ； 开发公司 ； 信息管理 ； 电子通讯 ； Lotus ； 市场潜力 ； 两台 ；	<正> lotus开发公司九月十六日宣布了最新产品:cc:Mail Dos Mobile 3.4的中文版。 cc:Mail Dos Mobile 3.4是一个功能强大的电子通讯设备,为用户提供了方便的通讯手段。用户可利用cc:Mail传送和接收中、英文以及图象等信息。 cc:Mail Mobile是cc:Mail的一个相配产品,它是一个独立的电子邮件软件,可用于发送和接收电子邮件,几乎所有用PC生成的信息都可以作为电子邮	1994年04期_lotus推出中文版cc:Mail+Dos+Mobile+3.4.pdf	http://sso.cdclib.org/interlibSSO/goto/6/=06190596Z93/kcms/detail/detail.aspx?dbCode=cjfq&filename=XDJS199404021&dbname=CJFD9498
按钮式菜单的设计	电脑与微电子技术	1994	1994年04期	【作者】 秦旭 ； 【机构】 桂林电子工业学院无线电工程系 ；	软件界面 ； 微型计算机 ； 计算机水平 ； prompt ； begin ； string ； false ； POP ； integer ； Pascal ；	<正> 随着微型计算机在国内各行业的不断普及,用户的计算机水平也越来越高。设计的软件界面是否友好,常常是衡量一个软件优劣的重要标志。在使用一些图形界面软件时(例如window v3.1,wps NT等),可以发现发现它们的菜单往往是按钮式的。用按钮菜单的特点就是立体感强,按钮按下去和弹起来给人一种逼真的动感,层次非常分明。	1994年04期_按钮式菜单的设计.pdf	http://sso.cdclib.org/interlibSSO/goto/6/=06190596Z93/kcms/detail/detail.aspx?dbCode=cjfq&filename=XDJS199404022&dbname=CJFD9498
高级硬盘管理软件ADM的使用经验	电脑与微电子技术	1994	1994年04期	【作者】 邹吕新 ； 【机构】 中南民族学院计算机科学系 湖北武汉 430074 ；	ADM ； 硬盘分区 ； 用户区 ； 使用权限 ； 读操作 ； 超级用户 ； 主菜单 ； 管理程序 ； 文件删除 ； 分区表 ；	<正> 一、引言 ADM(英文全称The Advance Disk ManagementSystem)是一套完整的硬盘管理程序,在硬盘管理上比现在广泛使用的DM更高一筹。它最引人注目的特点是: 1、设置超级用户和普通用户,超级用户对硬盘的各分区可进行读/写操作,设置各用户区口令,并规定各普通用户对一些分区的使用权限,如:对某些分区只能进行读操作,对某一分区可进行读/写操作,对某	1994年04期_高级硬盘管理软件ADM的使用经验.pdf	http://sso.cdclib.org/interlibSSO/goto/6/=06190596Z93/kcms/detail/detail.aspx?dbCode=cjfq&filename=XDJS199404023&dbname=CJFD9498
Turbo C/C++中按键的读取技巧	电脑与微电子技术	1994	1994年04期	【作者】 梁彦忠 ； 夏泰真 ； 【机构】 中国科学院生态环境研究中心 ； 北京农业工程大学建筑设计院 ；	Turbo C/C ； 键码 ； 输入管 ； 扩展码 ； 控制键 ； 库函数 ； 子函数 ； 功能键 ； 软中断 ； conic ；	<正> 一、引 言 键盘是最普通的输入管道,如何读取按键在程序设计中至关重要尤其是设计带有分支和菜单的程序。目前,这方面的知识在各报刊中介绍的不多。鉴于这种情况,笔者将在实践程序开发中经常使用的三种键码读取方法介绍给大家,供读者参考。本文给出的子	1994年04期_Turbo+C+C++中按键的读取技巧.pdf	http://sso.cdclib.org/interlibSSO/goto/6/=06190596Z93/kcms/detail/detail.aspx?dbCode=cjfq&filename=XDJS199404024&dbname=CJFD9498
快速获取五笔字型编码表的方法	电脑与微电子技术	1994	1994年04期	【作者】 李东 ；	五笔字型 ； 编码表 ； 数据库 ； 数组 ；	本文介绍一种快速、方便生成五笔字型编码表的方法,采用C语言编写,通过对金山汉字系统SPDOS5.1版输入模块WBX.COM的分析,直接生成五笔字型的编码表,结果存入数据库WBZXBM.DBF中,同时也提供了一个利用C语言直接对数据库文件进行操作的方法。	1994年04期_快速获取五笔字型编码表的方法.pdf	http://sso.cdclib.org/interlibSSO/goto/6/=06190596Z93/kcms/detail/detail.aspx?dbCode=cjfq&filename=XDJS199404025&dbname=CJFD9498
怎样在WPS5.10、SPT、WPS6.0系统下打印WPS系统中的控制符	电脑与微电子技术	1994	1994年04期	【作者】 王佳星 ； 【机构】 河北大学数学系 071002 ；	WPS ； SPT ； 画线 ； 排版控制符 ； 造字 ；	本文介绍了三种打印WPS中排版控制符的方法	1994年04期_怎样在WPS5.10、SPT、WPS6.0系统下打印WPS系统中的控制符.pdf	http://sso.cdclib.org/interlibSSO/goto/6/=06190596Z93/kcms/detail/detail.aspx?dbCode=cjfq&filename=XDJS199404026&dbname=CJFD9498
微机病毒简表	电脑与微电子技术	1994	1994年04期	【作者】 王杰民 ； 【机构】 哈尔滨量具刃具厂计算中心 ；	微机病毒 ； 感染范围 ； 病毒名称 ； Sunday ； 修改系统 ； 硬盘分区表 ； 病毒感染 ； 新年快乐 ； Ghost ； Happy ；	<正> 在计算机病毒变本加厉冲击社会的今天,用户自己了解一些计算机病毒的基本知识是当务之急。本文在搜集整理有关资料的基础上,列出微机上常见的计算机病毒的感染范围、感染长度及破坏性质,希望对读者有帮助。	1994年04期_微机病毒简表.pdf	http://sso.cdclib.org/interlibSSO/goto/6/=06190596Z93/kcms/detail/detail.aspx?dbCode=cjfq&filename=XDJS199404027&dbname=CJFD9498
SR110湿热屋微机控制系统	电脑与微电子技术	1994	1994年03期	【作者】 蒋忠仁 ； 【机构】 上海工程技术大学纺院 200061 ；	国家标准 ； 温度湿度 ； 综合控制 ；	本文介绍微机控制的人工气候屋,有温度湿度双回路控制、按国标进行。由于外围庞大、控制要求高,故本系统综合应用了多种控制技术以适应多变的现状,如模糊控制、脉冲调宽、表格技术和自适应算法的调用等。	1994年03期_SR110湿热屋微机控制系统.pdf	http://sso.cdclib.org/interlibSSO/goto/6/=06190596Z93/kcms/detail/detail.aspx?dbCode=cjfq&filename=XDJS199403000&dbname=CJFD9498
程控交换机计费的远程立即打印	电脑与微电子技术	1994	1994年03期	【作者】 徐东明 ； 【机构】 西安邮电学院 ；	程控交换 ； 计费 ； 远程打印 ；	本文介绍了程控交换设备的计费结果在几公里外几个营业厅立即打印系统的设计。给出了系统的设计方案,各单元部件的功能、使用方法及电路。	1994年03期_程控交换机计费的远程立即打印.pdf	http://sso.cdclib.org/interlibSSO/goto/6/=06190596Z93/kcms/detail/detail.aspx?dbCode=cjfq&filename=XDJS199403001&dbname=CJFD9498
语音媒体扩展卡的设计	电脑与微电子技术	1994	1994年03期	【作者】 李向前 ； 【机构】 中山大学物理系 ；	扩展卡 ； 多媒体 ；	文章较详细介绍了声音数字化扩展卡的一种电路设计,并附有原理逻辑图。分析了扩展接口卡寄存器编程方法,给出部分源程序。	1994年03期_语音媒体扩展卡的设计.pdf	http://sso.cdclib.org/interlibSSO/goto/6/=06190596Z93/kcms/detail/detail.aspx?dbCode=cjfq&filename=XDJS199403002&dbname=CJFD9498
信道的特性对计算机数据通信的影响	电脑与微电子技术	1994	1994年03期	【作者】 杨帆 ； 【机构】 广西区气象台 南宁 530022 ；	信道 ； 数据传输 ； 信道特性 ；	本文结合广西区、地气象业务现代化建设的实际,介绍信道的特性及其对计算机数据通信的影响。	1994年03期_信道的特性对计算机数据通信的影响.pdf	http://sso.cdclib.org/interlibSSO/goto/6/=06190596Z93/kcms/detail/detail.aspx?dbCode=cjfq&filename=XDJS199403003&dbname=CJFD9498
单板机在测定电力系统响应时间方面的应用一例	电脑与微电子技术	1994	1994年03期	【作者】 汪西川 ； 【机构】 上海工业大学 ；	微机 ； 测定 ； 电力系统 ； 响应时间 ；	本文详细介绍了一种利用Z80单板计算机来测定电力系统响应时间的方法,包括所用的测量电路、测量原理、测量程序及其使用方法等。并分析给出了本方法所造成的测量误差的数学表达式。所编程序简洁紧凑,占用内存少,运行速度快。文末给出一测量实例。	1994年03期_单板机在测定电力系统响应时间方面的应用一例.pdf	http://sso.cdclib.org/interlibSSO/goto/6/=06190596Z93/kcms/detail/detail.aspx?dbCode=cjfq&filename=XDJS199403004&dbname=CJFD9498
AutoCAD在数控线切割机床上的应用	电脑与微电子技术	1994	1994年03期	【作者】 羌华 ； 【机构】 上海日立电动工具有限公司 ；	数控线切割机床 ； 快走丝 ； 接口程序 ； 自动编程 ； FORMAT ； 数控程序 ； 绘图系统 ； ACAD ； 图形接口 ； 圆心坐标 ；	本文通过编制一接口程序,读取AutoCAD的DXF文件,从而完成数控快走丝线切割3B指令的自动编程。	1994年03期_AutoCAD在数控线切割机床上的应用.pdf	http://sso.cdclib.org/interlibSSO/goto/6/=06190596Z93/kcms/detail/detail.aspx?dbCode=cjfq&filename=XDJS199403005&dbname=CJFD9498
为编译DBASE Ⅲ PLUS增加绘图功能	电脑与微电子技术	1994	1994年03期	【作者】 李培增 ； 【机构】 河北省石津灌区管理局 ；	CLIPPER ； 虚拟图形设备 ； 函数 ；	<正> DBASE Ⅲ PLUS是大多数管理人员接触并使用的语言。引用数据库的概念给管理人员带来很大方便,在使用过程中有相当一部分资料只能通过数据的形式表现出来,而语言本身没有提供绘图函数或语句,如果要用图形的方式展现出来,一般需要调用其它语言如BASIC、213、C等,给编程者带来麻烦。笔者在实践中摸索出为编译DBASE Ⅲ PLUS即CLIPPER增加绘图功能的可行办法,把一些基本绘图功能编制成函数,并连接到其库中,在使用时可象其它正常语句或函数一样编程,使图文都能展现在使用者面前,勿需调用其它高级语言,编程简单,使用灵活方便。	1994年03期_为编译DBASE+Ⅲ+PLUS增加绘图功能.pdf	http://sso.cdclib.org/interlibSSO/goto/6/=06190596Z93/kcms/detail/detail.aspx?dbCode=cjfq&filename=XDJS199403006&dbname=CJFD9498
一个Foxpro通用查询程序	电脑与微电子技术	1994	1994年03期	【作者】 张赛飞 ； 张丽清 ； 刘永清 ； 【机构】 华南理工大学自动化系 ； 华南理工大学自动化系 广州 510641 ； 广州 510641 ； 广州 510641 ；	查询 ； 组合式查询 ； 通用性 ； 数据库 ； 数据结构 ； Foxpro ；	本文介绍了用Foxpro2.0开发的一个查询程序,能同时满足单字段查询与多字段组合式查询,操作简单、方便,通用性好。	1994年03期_一个Foxpro通用查询程序.pdf	http://sso.cdclib.org/interlibSSO/goto/6/=06190596Z93/kcms/detail/detail.aspx?dbCode=cjfq&filename=XDJS199403007&dbname=CJFD9498
在汉化FoxBase中实现下拉式菜单的一种方法	电脑与微电子技术	1994	1994年03期	【作者】 金海 ； 谢卫 ； 【机构】 华中理工大学计算机系 ； 华中理工大学计算机系 武汉 430074 ； 武汉 430074 ；	弹出式菜单 ； FoxBase ； 用户界面 ； 美观效果 ； 不连续 ； 前景色 ； 退出系统 ； 录入数据 ； 修改数据 ； 案卷目录 ；	<正> FoxBase 2.10具有很强的下拉式菜单和弹出式菜单功能、为用户开发良好的用户界面提供了有利的工具。但是汉化FoxBase却没有能够处理好下拉式菜单的功能,使得用户在汉字系统下使用FoxBase无法利用这一功能;另外,由于FoxBase本身在设计下拉式菜单和弹出式菜单时没有采用制表符,因此画出来的菜单边框是不连续的,十分影响美观效果。	1994年03期_在汉化FoxBase中实现下拉式菜单的一种方法.pdf	http://sso.cdclib.org/interlibSSO/goto/6/=06190596Z93/kcms/detail/detail.aspx?dbCode=cjfq&filename=XDJS199403008&dbname=CJFD9498
制作软件封面的另一种方法	电脑与微电子技术	1994	1994年03期	【作者】 王调玉 ； 【机构】 沈阳工业大学 ；	金山公司 ； 大后 ； 编辑系统 ； 用户自定义 ； 压缩方式 ； 线宽 ； 菇类 ； Pascal ； begin ；	<正> 纵观许多报刊、杂志有关制作软件封面的文章,大多都是在汉字库中读取汉字字模,然后建立自己的小字库,再按照自己的算法对汉字进行放大。这样做往往由于算法简陋使放大后的汉字锯齿较大。而且在其中加上自己的修饰也比较困难。在实践中,我采用SPT图形来制作软件封面,达到了良好的效果。下面介绍一下我的方法。 (1)SPT是香港金山公司的图文编辑系统,我们	1994年03期_制作软件封面的另一种方法.pdf	http://sso.cdclib.org/interlibSSO/goto/6/=06190596Z93/kcms/detail/detail.aspx?dbCode=cjfq&filename=XDJS199403009&dbname=CJFD9498
在管理系统内建立一个开发环境	电脑与微电子技术	1994	1994年03期	【作者】 梁京章 ； 【机构】 广西大学电气系计算机教研室 ；	开发环境 ； 管理系统 ； 调试效率 ； 命令行 ； 出错处理 ； 历史区 ； SHELL ； 管理信息系统 ； 全局变量 ； 令人头痛 ；	本文提出的在管理系统内建立开发环境的思路及其实现程序,经过多次的开发实践,证明是完全可行和非常有效的,能大大提高系统的调试效率。	1994年03期_在管理系统内建立一个开发环境.pdf	http://sso.cdclib.org/interlibSSO/goto/6/=06190596Z93/kcms/detail/detail.aspx?dbCode=cjfq&filename=XDJS199403010&dbname=CJFD9498
如何利用DLL扩展Foxpro2.5 For Windows	电脑与微电子技术	1994	1994年03期	【作者】 朱德森 ； 崔明 ； 付海帆 ； 孙琴 ； 【机构】 华中理工大学自控系 ； 武汉邮科院 ；	开放式结构 ； DLL ； API ；	本文通过对Foxpro结构的分析,详细介绍了其接口性能,并给出一种在Windows环境下,利用动态连接库(DLL)扩展Foxpro功能的方法。	1994年03期_如何利用DLL扩展Foxpro2.5+For+Windows.pdf	http://sso.cdclib.org/interlibSSO/goto/6/=06190596Z93/kcms/detail/detail.aspx?dbCode=cjfq&filename=XDJS199403011&dbname=CJFD9498
再论逆指令流	电脑与微电子技术	1994	1994年03期	【作者】 熊军 ； 【机构】 哈尔滨科技大学 ；	指令流 ； 程序指令 ； 季生 ； 九二 ； 标志位 ； 口赋 ； 跳转 ； 操作码 ； 次同 ； POP ；	<正> 笔者不久前拜读了贵刊九二年第四期的《对逆指令流的研究》一文(作者冯刚、梁波、季生),受益匪浅,但觉得尚有不尽人意之处:①算法不够精练;②不能在程序中直接实现。笔者通过研究,基本上解决了上述问题。现简单阐述原理并附程序于后,希望同行不吝赐教。	1994年03期_再论逆指令流.pdf	http://sso.cdclib.org/interlibSSO/goto/6/=06190596Z93/kcms/detail/detail.aspx?dbCode=cjfq&filename=XDJS199403012&dbname=CJFD9498
使用PROTEL几个小技巧	电脑与微电子技术	1994	1994年03期	【作者】 李景峰 ； 【机构】 西北工业大学 陕西 西安 710072 ；	宏指令 ； 热键 ； 电子线路设计 ； 元件面 ； PROTEL ； 主菜单 ； 检查点 ； 网络表 ； 功能描述 ； 菜单操作 ；	<正> PROTEL电子线路设计软件是目前流行的电路CAD软件,本文将结合实践介绍几个使用技巧。 一、宏指令编辑的使用 在PROTEL软件中已有存放某些宏指令的文件,它们是以.KEY为扩展名的文件。如果要用这些宏指令就要记下这些宏指令的含义和所用的热键等。但这些热键对具体的用户而言不一定十分方便,最好的方法是用户自己根据自己的习惯,结合具体的操作,自己重新编辑宏指令。例如用TRAXEDIT绘制印刷电路版时,最常用的操作除了放置元件、划线等操作外,通常需要点亮某个连接,然后显示出与所点亮线相连的各元件的管脚名,以便于检查。用户可以先删除掉不	1994年03期_使用PROTEL几个小技巧.pdf	http://sso.cdclib.org/interlibSSO/goto/6/=06190596Z93/kcms/detail/detail.aspx?dbCode=cjfq&filename=XDJS199403013&dbname=CJFD9498
应用c语言管理informix关系数据库的基本方法	电脑与微电子技术	1994	1994年03期	【作者】 刘昌斌 ； 【机构】 广西玉林地区建设银行电脑室 537000 ；	关系数据库 ； c语言 ； informix ； 数据库管理系统 ； 例行程序 ； 关系型 ； 多用户操作系统 ； 程序调用 ； 程序库 ； 数据库结构 ；	<正> 由于XENIX多用户操作系统汉字informix关系型数据库管理系统是八十年代的“关系型”数据库管理系统。也是目前较流行的数据库管理系统。因此,凡是INFORMIX用户都需用C语言编程对informix数据库进行管理。本文谈谈如何应用C语言管理in-formix关系数据库的基本方法。 应用C语言编程管理informix数据库的实质就是应用C语言程序调用informix的例行程序库ALL—Ⅱ的例行程序,该程序库有DBSELECT、DBFIND、DBUPDATE、BDADD和DBDELETE等例行程序。因	1994年03期_应用c语言管理informix关系数据库的基本方法.pdf	http://sso.cdclib.org/interlibSSO/goto/6/=06190596Z93/kcms/detail/detail.aspx?dbCode=cjfq&filename=XDJS199403014&dbname=CJFD9498
Xenix操作系统运行中的常见故障和排除方法	电脑与微电子技术	1994	1994年03期	【作者】 刘东明 ； 【机构】 池州地区工商银行 247100 ；	操作系统运行 ； Xenix ； 多用户操作系统 ； 引导过程 ； 进程控制 ； 活动分区 ； 屏幕显示 ； 设备名 ； 用户注册 ； 主目录 ；	<正> SCO Xenix操作系统目前是使用较多的也是较成熟的多任务、多用户操作系统。由于在使用过程中会受到一些无意破坏或被删除,从而造成下次引导、使用中出现各种故障,笔者多年从事于Xenix操作系统的应用,现将应用中常见的故障及行之有效的解决办法简介如下: 硬盘上的Xenix操作系统的引导过程是:ROM-BIOS→硬盘的主引导扇区(masterboot)→Xenix活动分区(hdoa)的分区引导块boot0→boot1→Xenix文件系	1994年03期_Xenix操作系统运行中的常见故障和排除方法.pdf	http://sso.cdclib.org/interlibSSO/goto/6/=06190596Z93/kcms/detail/detail.aspx?dbCode=cjfq&filename=XDJS199403015&dbname=CJFD9498
XENIX操作系统COMPRESS命令在多用户会计柜台核算软件数据备份中的应用	电脑与微电子技术	1994	1994年03期	【作者】 刘昌斌 ； 【机构】 广西玉林地区建设银行电脑室 5370O0 ；	数据备份 ； COMPRESS ； XENIX ； 核算软件 ； 应用软件 ； 假设数据 ； 数据文件 ； 对公业务 ； compress ； 建设银行 ；	<正> xenix操作系统compress是一个高效率的压缩/解压数据备份命令(程序),可以应用于xenix操作系统各种应用软件。建设银行在去年底在xenix操作系统下应用ESQL/C语言开发了多用户会计柜台核算软件MAS2.0。这套软件是一套比较大型、复杂的对公业务软件,也是一套比较好的应用软件。这套软件的数据备份方法是用tar cv2/usr/lib/data.dbs命令(假设数据存放在/usr/liu/data.dbs目录下,下同),把多用户会计mas2.0全部数据文件非压缩地一个一个地直接	1994年03期_XENIX操作系统COMPRESS命令在多用户会计柜台核算软件数据备份中的应用.pdf	http://sso.cdclib.org/interlibSSO/goto/6/=06190596Z93/kcms/detail/detail.aspx?dbCode=cjfq&filename=XDJS199403016&dbname=CJFD9498
解决WS“磁盘已满”的方法	电脑与微电子技术	1994	1994年03期	【作者】 苟蔚勇 ； 【机构】 宁夏灵武马家滩炼油厂生产技术科 751408 ；	WS ； 编辑状态 ； 盘已 ； 空间的 ； 数据格式 ； ERROR ； 盘符 ； ESC ；	<正> 我们在使用WS中,有时会遇到这样的麻烦:当按F1键要存盘时,屏幕出现: ＊＊＊ERROR E12:磁盘已满＊＊＊ 请按ESCAPE键按ESC键,又回到编辑状态,磁盘无空闲空间来存入正在编辑的文件,即使换一张有足够空间的盘,又会因为与原盘数据格式不完全相同出现: ＊＊＊ERROR E39:@@@@＊＊＊ 请按ESCAPE键	1994年03期_解决WS“磁盘已满”的方法.pdf	http://sso.cdclib.org/interlibSSO/goto/6/=06190596Z93/kcms/detail/detail.aspx?dbCode=cjfq&filename=XDJS199403017&dbname=CJFD9498
汉化XENIX操作系统下快速输入制表符的简单方法	电脑与微电子技术	1994	1994年03期	【作者】 高中伟 ； 【机构】 工商银行福建漳州市分行科技科 ；	XENIX ； 软件开发过程 ； 区位码输入法 ； 键码 ； 功能键 ； 左右移动 ； 选择功能 ； 主控台 ； 开卜 ； 过程介绍 ；	<正> 目前,汉化XENIX操作系统在国内已得到了相当广泛的应用,不少计算机工作者都乐于选择在XENIX环境下进行软件开发,充分享受XENIX系统具有的多用户多任务特性。在软件开发过程中,难免会遇到输入制表符的问题,目前人们通常采用区位码输入法,每个制表符要击键四次,而且难于记忆,使用相当麻烦,这对于众多的DOS老用户更是难于忍受,因为使用广泛的DOS系统几乎都提供有快速输入制表符的手段(如2.13H系统	1994年03期_汉化XENIX操作系统下快速输入制表符的简单方法.pdf	http://sso.cdclib.org/interlibSSO/goto/6/=06190596Z93/kcms/detail/detail.aspx?dbCode=cjfq&filename=XDJS199403018&dbname=CJFD9498
输入WPS密码的“万能键”	电脑与微电子技术	1994	1994年03期	【作者】 狄振强 ； 阎伟 ； 【机构】 山东曲阜师范大学物理系 ； 山东曲阜师范大学物理系 273165 ； 273165 ；	WPS ； 密码锁 ； 不知道 ； 键码 ； 反汇编 ； 主菜单 ； 指令码 ； 杜本 ； 文叶 ； 退出系统 ；	<正> 对于设置密码的WPS文件,必须正确地输入文件密码,才能进入文件中。如果忘记文件的密码,则必须先设法找出所设的密码(参见本刊93.2期),然后才能进入文件中,那么,有没有一种方法,使得即使不知道文件的密码,也能进入到文件中去呢?笔者经过探索,通过设置“万能键”,成功地解决了这个问题。它不需要预先知道文件密码,只要在输入密码时,按几下这个“万能键”,就可以自动进入到文件中去。从而方便了操作,方便了用户。	1994年03期_输入WPS密码的“万能键”.pdf	http://sso.cdclib.org/interlibSSO/goto/6/=06190596Z93/kcms/detail/detail.aspx?dbCode=cjfq&filename=XDJS199403019&dbname=CJFD9498
软驱锁	电脑与微电子技术	1994	1994年03期	【作者】 秦旭 ； 【机构】 桂林电子工业学院 541001 ；	软盘驱动器 ； 中断向量表 ； 数据文件 ； PASCAL ； TURBO ； begin ； false ； 一匡 ；	<正> 这个软驱锁设计用于禁止计算机软盘驱动器被用来读数据或写数据,防止他人在用计算机时,非法地把硬盘上珍贵的数据文件和自己费了很多精力编写的源程序轻易的复制过去,同时也防止他人自带的有病毒软盘感染计算机。 我们通过对DOS的中断向量表的学习,发现向量表中OEH号中断是管理软盘驱动器的,经过对	1994年03期_软驱锁.pdf	http://sso.cdclib.org/interlibSSO/goto/6/=06190596Z93/kcms/detail/detail.aspx?dbCode=cjfq&filename=XDJS199403020&dbname=CJFD9498
用合成胶水粘补断裂色带	电脑与微电子技术	1994	1994年03期	【作者】 马轮基 ； 【机构】 广西壮族自治区气象台 ；	色带盒 ； 合成胶水 ； 气象业务 ； 打印输出 ； 弃之可惜 ； EPSON ； 预报服务 ； 产品输出 ； 断头剪 ； 经费开支 ；	<正> 气象业务工作中信息处理量大,打印输出是预报服务产品输出的主要方式之一。由于价格等诸多原因,24针击打式点阵打印机是气象部门常用打印机。 实际工作表明,导致必须更换色带的原因一是色带油墨干竭,二是色带被打印针击穿成破洞乃至断裂。后一个原因导致要更换色带的现象并不少见。色带被击穿断裂时,如果色带已经用了较长时间,油墨快要干了也就罢了;但如果色带刚用不久就断,确实令人感到留之用不得,弃之可惜。幸好可以用合成胶水将色带修补粘连起来,节约经费开支,其方法如下:	1994年03期_用合成胶水粘补断裂色带.pdf	http://sso.cdclib.org/interlibSSO/goto/6/=06190596Z93/kcms/detail/detail.aspx?dbCode=cjfq&filename=XDJS199403021&dbname=CJFD9498
FOXPRO中BROWSE命令的应用技巧和实例	电脑与微电子技术	1994	1994年03期	【作者】 黄焕如 ； 【机构】 江西拖拉机发动机厂 ；	数据库 ； 字段 ； 记录 ； 表达式 ； 子句参数 ；	BROWSE命令集编辑、浏览于一体,是Foxpro中的最重要的命令之一,本文介绍了该命令的使用方法和技巧,并列举了实用程序,可供读者参考。	1994年03期_FOXPRO中BROWSE命令的应用技巧和实例.pdf	http://sso.cdclib.org/interlibSSO/goto/6/=06190596Z93/kcms/detail/detail.aspx?dbCode=cjfq&filename=XDJS199403022&dbname=CJFD9498
怎样使用新版本的计算机病毒诊断工具VIRUSCAN?	电脑与微电子技术	1994	1994年03期	【作者】 马轮基 ； 【机构】 广西壮族自治区气象台 南宁 530022 ；	VIRUSCAN ； 诊断工具 ； 病毒代码 ； 病毒诊断 ； 专用工具 ； 选择项 ； 批评指正 ； 未知病毒 ； 病毒名称 ； 执行文件 ；	<正> VIRUSCAN是国内外常用的计算机病毒诊断专用工具之一,其版本不断更新,功能越来越强。为了让各地用户能准确地理解和使用VIRUSCAN的功能,防止计算机病毒的传播、蔓延和危害,下面根据VIRUS-CAN新版本——9.17版(V106)的资料,节译出有关内容供读者参考。译者水平有限,若有错误的地方,还请各地专家、读者批评指正。 一、什么是计算机病毒诊断工具VIRUSCAN? VIRUSCAN是美国McAfee Associates公司研制推	1994年03期_怎样使用新版本的计算机病毒诊断工具VIRUSCAN?.pdf	http://sso.cdclib.org/interlibSSO/goto/6/=06190596Z93/kcms/detail/detail.aspx?dbCode=cjfq&filename=XDJS199403023&dbname=CJFD9498
怎样使用新版本的计算机解毒工具CLEAN—UP?	电脑与微电子技术	1994	1994年03期	【作者】 马轮基 ； 【机构】 广西壮族自治区气象台 南宁 530022 ；	CLEAN ； UP ； 未知病毒 ； 中定 ； 识别代码 ； 选择项 ； 分区表 ； 警告信息 ； 系统盘 ； 检查系统 ；	<正> 计算机病毒是当今信息社会的一大发展障碍,最新的资料表明,计算机病毒的种类已经超过5000种,越来越多的人备受困扰。及时地清除计算机病毒的感染,既是减少危害的一种“亡羊补牢”的有效方法,又是防止计算机病毒进一步蔓延和扩大危害的重要手段。目前,专门的计算机解毒工具种类很多,CLEAN—UP是其中较为常用的一种。为了更准确的理解和使用这一工具,下面根据其新版本的有关资料节译出关键内容供大家参考。译者水平有限,文中定有不当之	1994年03期_怎样使用新版本的计算机解毒工具CLEAN—UP?.pdf	http://sso.cdclib.org/interlibSSO/goto/6/=06190596Z93/kcms/detail/detail.aspx?dbCode=cjfq&filename=XDJS199403024&dbname=CJFD9498
Windows3.1画笔软件调用SPT图形的方法	电脑与微电子技术	1994	1994年02期	【作者】 梁朝建 ； 【机构】 广东新会涤纶厂股份有限公司长丝一厂 529100 ；	映象文件 ； SPT ； Windows3.1 ； 图形的 ； 图形文件 ； 字节序 ； 真彩色 ； 图象显示 ； 颜色表 ； 压缩文件 ；	本文通过介绍Windows3.1画笔软件位映象文件的结构和SPT图形文件的结构,提供了使用Windows3.1画笔软件调用SPT图形的方法,从而能充分发挥这两种中、西文软件的作用,绘制出图文并茂、色彩斑澜的图画。	1994年02期_Windows3.1画笔软件调用SPT图形的方法.pdf	http://sso.cdclib.org/interlibSSO/goto/6/=06190596Z93/kcms/detail/detail.aspx?dbCode=cjfq&filename=XDJS199402000&dbname=CJFD9498
受前台程序控制的后台音响制作	电脑与微电子技术	1994	1994年02期	【作者】 顾焕国 ； 【机构】 中山大学微电子所 广州 510275 ；	前台 ； 后台 ； 音响 ； 音乐 ； 时钟中断 ； 动画 ；	本文利用时钟中断来后台制作各种特殊音响及音乐并随时受前台的程序控制,实现了图声并举的效果	1994年02期_受前台程序控制的后台音响制作.pdf	http://sso.cdclib.org/interlibSSO/goto/6/=06190596Z93/kcms/detail/detail.aspx?dbCode=cjfq&filename=XDJS199402001&dbname=CJFD9498
IBM—PC与多单片机系统通讯的 TURBO C 程序	电脑与微电子技术	1994	1994年02期	【作者】 李桐林 ； 王喜臣 ； 丁晓兵 ； 【机构】 长春地质学院仪器与信息工程系 ； 长春地质学院仪器与信息工程系 ；	多机通讯 ； 端口操作 ； TURBO C ；	利用TURBO C的端口操作编写的IBM—PC与单片机系统的多机通讯程序克服了用汇编或BASIC语言编写程序的不足,速度和语言环境较好。本文给出通讯程序框图和源程序	1994年02期_IBM—PC与多单片机系统通讯的+TURBO+C+程序.pdf	http://sso.cdclib.org/interlibSSO/goto/6/=06190596Z93/kcms/detail/detail.aspx?dbCode=cjfq&filename=XDJS199402002&dbname=CJFD9498
Turbo软件的图像映象格式与汉字显示	电脑与微电子技术	1994	1994年02期	【作者】 苏成翔 ； 【机构】 酒泉卫星发射中心发射测试站七室 ；	Turbo ； 汉字显示 ； Pascal ； 图形模式 ； 描点 ； 库函数 ； 楷人 ； 口刁 ； 象数 ； 平型 ；	<正> 在Turbo Pascal或Turbo C的图形模式下显示汉字,通常采用描点方法。因此显示一个16＊16点阵的汉字,要循环调用256次PutPixel过程。为了更快地显示汉字,我们可以根据Turbo Pascal或Turbo C的图像映象格式,将汉字点阵转化成图像映象,然后调用Putlmage过程,一次可以显示一个或几个汉字,速度非常快。笔者将此方法用在友人的毕业设计软件中,效果很好。 笔者使用Turbo Pascal版本4.0和6.0,发现其图像映象格式与所使用的图形驱动器类型有关。在CGA	1994年02期_Turbo软件的图像映象格式与汉字显示.pdf	http://sso.cdclib.org/interlibSSO/goto/6/=06190596Z93/kcms/detail/detail.aspx?dbCode=cjfq&filename=XDJS199402003&dbname=CJFD9498
图形功能在CLIPPER中的实现	电脑与微电子技术	1994	1994年02期	【作者】 任铁良 ； 【机构】 冶金部鞍山热能研究院 ；	图形 ； ROMBIOS显示中断服务 ； CLIPPER ； 编译DBASE Ⅲ ；	本文详细介绍了CLIPPER调用ROMBIOS中断服务的原理与方法,给出了CLIP-PER与ROMBIOS的通用汇编接口程序,并说明如何在CLIPPER中调用并传递参数给接口程序。编制了屏幕显示模式设置、调色板设置及画点、线、框、圆、椭圆的CLIPPER程序,追加这些基本图形程序到CLIPPER.LIB中,即可实现CLIPPER作图。	1994年02期_图形功能在CLIPPER中的实现.pdf	http://sso.cdclib.org/interlibSSO/goto/6/=06190596Z93/kcms/detail/detail.aspx?dbCode=cjfq&filename=XDJS199402004&dbname=CJFD9498
对autoexec.bat文件的保护	电脑与微电子技术	1994	1994年02期	【作者】 陈国广 ； 【机构】 轻工部自动化仪表所 ；	autoexec.bat ； 下名 ； command ； 解释器 ； 日录 ；	<正> 计算机加电后,DOS会自动执行根目录下的au-toexec.bat文件,所以不同的用户对这个文件的修改非常频繁。有时为了自己的工作不受他人干扰,只好设法“做点手脚”,让人家对这个文件的修改无效。笔者有这个经验,思路是:DOS引导后,装入的command.com文件,其初始化部分有条指令为\autoexec.bat,其含义是执行根目录下名为autoexec.bat的批文件,因	1994年02期_对autoexec.bat文件的保护.pdf	http://sso.cdclib.org/interlibSSO/goto/6/=06190596Z93/kcms/detail/detail.aspx?dbCode=cjfq&filename=XDJS199402005&dbname=CJFD9498
利用PCTOOLS对“五笔字型”软盘系统进行并盘	电脑与微电子技术	1994	1994年02期	【作者】 李红军 ； 【机构】 电子工业部第二十二所情报室 ；	五笔字型 ； PCTOOLS ； 软盘驱动器 ； 输入方法 ； 硬盘驱动器 ； 引导系统 ； 批处理文件 ； ZHENG ； 元仙 ； 回阳 ；	<正> 随着计算机的日益普及,以及其价格的下降,家用PC机大量涌入一般家庭。大多数家用PC机一般配置为单显、286或386主机、一个高密软盘驱动器或一个高密软盘驱动器加一个硬盘驱动器。以往的“五笔字型”输入方法软件分别存于两张软盘上。在引导系统时需要换盘,因此特别对于只有一个软驱的用户而言非常不方便,为了克服这一缺点下面介绍利用PC-	1994年02期_利用PCTOOLS对“五笔字型”软盘系统进行并盘.pdf	http://sso.cdclib.org/interlibSSO/goto/6/=06190596Z93/kcms/detail/detail.aspx?dbCode=cjfq&filename=XDJS199402006&dbname=CJFD9498
图形状态下文本编辑方法	电脑与微电子技术	1994	1994年02期	【作者】 李向前 ； 顾焕国 ； 【机构】 中山大学微电子所 ； 中山大学微电子所 510275 ； 510275 ；	图文混编 ； 文本输入输出 ； 仿造光标 ； 文本屏编辑 ；	针对计算机图象处理和编制图形软件等场合需要输入输出文本的问题,以TurboC和汇编语言为例,给出了两种解决办法,实现了优美的图文混合画面。	1994年02期_图形状态下文本编辑方法.pdf	http://sso.cdclib.org/interlibSSO/goto/6/=06190596Z93/kcms/detail/detail.aspx?dbCode=cjfq&filename=XDJS199402007&dbname=CJFD9498
任意文件任意目录快速搜寻实用程序	电脑与微电子技术	1994	1994年02期	【作者】 狄振强 ； 【机构】 山东曲阜师范大学物理系 273165 ；	管理能力 ； 查询操作 ； 询盘 ； 一次显示 ； 看盘 ；	<正> 目前DOS 5.0已被广泛使用,但使用DOS 3.3的用户仍然很多(主要因为众多优秀软件在DOS 3.3环境下运行效果较理想)。在DOS 5.0下查者指定属性的文件、目录较易实现,但在DOS 3.3中却不太容易。虽然曾有文章介绍过这方面的内容[注],但完成的功能都较为单一,它们往往缺乏全盘管理能力。为此,笔者编制了一个Turbo C程序,它较好地弥补了上面的	1994年02期_任意文件任意目录快速搜寻实用程序.pdf	http://sso.cdclib.org/interlibSSO/goto/6/=06190596Z93/kcms/detail/detail.aspx?dbCode=cjfq&filename=XDJS199402008&dbname=CJFD9498
对《怎样用C语言在VGA文本方式下显示汉字》的补充讨论	电脑与微电子技术	1994	1994年02期	【作者】 孙志刚 ； 【机构】 湖南长沙国防科大6系91级 ；	文本方式 ； C语言 ； VGA ； 段地址 ； 偏移量 ； 二工 ； 字符显示 ； 在原 ； offset ； tight ；	<正> 《电脑与微电子技术》杂志1993年第二期刊登了樊启柏同志的一篇《怎样用C语言在VGA文本方式下显示汉字》的文章,文章中给我们提供了一种在VGA文本状态下显示汉字的方法,但不足的是在许多方面作者都没有进行深入的讨论,如怎样同时激活两个字符集并在同一屏幕上显示256个汉字,怎样在程序退出后恢复开机时的出设等。笔者对以上两个问题作了深入的研究,提出了解决问题的方法,并给出了用TURBOC 2·0编写的程序示例(程序附后)	1994年02期_对《怎样用C语言在VGA文本方式下显示汉字》的补充讨论.pdf	http://sso.cdclib.org/interlibSSO/goto/6/=06190596Z93/kcms/detail/detail.aspx?dbCode=cjfq&filename=XDJS199402009&dbname=CJFD9498
基于子目录信息的反复制技术	电脑与微电子技术	1994	1994年02期	【作者】 杨志新 ； 【机构】 湖南省经济研究信息中心 ；	硬盘反复制 ； 子目录簇号 ； DOS系统信息表 ； 安装程序 ；	本文介绍了一种简单实用的硬盘反复制方法——基于子目录信息的反复制技术。首先,设计一个安装程序,读取将被装入软件的子目录信息,然后将子目录信息作为密码写入判别程序。由于创建子目录的随意性,子目录簇号为一随机数,由此作为判别标志密码,达到防止从硬盘中复制程序的目的。本文给出了实现上述方法的详细程序清单。	1994年02期_基于子目录信息的反复制技术.pdf	http://sso.cdclib.org/interlibSSO/goto/6/=06190596Z93/kcms/detail/detail.aspx?dbCode=cjfq&filename=XDJS199402010&dbname=CJFD9498
适用于UCDOS的汉字立体下拉式菜单	电脑与微电子技术	1994	1994年02期	【作者】 廖勇龙 ； 【机构】 水利部长江科学院监测中心 武汉430010 ；	汉字下拉式菜单 ； UCDOS汉字操作系统 ； 图形模式 ；	本文介绍一个能在UCDOS汉字操作系统下运行的立体下拉式菜单实例,程序巧妙地将C语言的文本窗口库函数及图形库函数运用到一起,菜单美观实用,读者只需将各菜单的汉字选项标题进行修改,即可作为应用程序使用。	1994年02期_适用于UCDOS的汉字立体下拉式菜单.pdf	http://sso.cdclib.org/interlibSSO/goto/6/=06190596Z93/kcms/detail/detail.aspx?dbCode=cjfq&filename=XDJS199402011&dbname=CJFD9498
为金山SPDOS建立小型汉字库	电脑与微电子技术	1994	1994年02期	【作者】 邓中明 ； 【机构】 武汉纺织工学院 430073 ；	小汉字库 ； SPDOS ；	本文介绍了一种与SPDOS兼容的使用小汉字库进行汉字输入和显示的新方法,该方法可以节省大量内存资源及外存空间,保证了大型CAD应用程序及实时控制系统的正常运行。	1994年02期_为金山SPDOS建立小型汉字库.pdf	http://sso.cdclib.org/interlibSSO/goto/6/=06190596Z93/kcms/detail/detail.aspx?dbCode=cjfq&filename=XDJS199402012&dbname=CJFD9498
利用环境参数避免内存驻留程序的重复驻留	电脑与微电子技术	1994	1994年02期	【作者】 阳小华 ； 【机构】 中南工学院计算机系 湖南衡阳421001 ；	TSR ； 环境块 ； 内存控制块 ；	本文根据DOS的内存管理机制,通过在TSR环境块设置驻留标志,给出了一个解决TSR重复驻留问题的通用方法。	1994年02期_利用环境参数避免内存驻留程序的重复驻留.pdf	http://sso.cdclib.org/interlibSSO/goto/6/=06190596Z93/kcms/detail/detail.aspx?dbCode=cjfq&filename=XDJS199402013&dbname=CJFD9498
内存释放技术	电脑与微电子技术	1994	1994年02期	【作者】 秦旭 ； 【机构】 桂林电子工业学院 ；	内存分配 ； PASCAL ； TURBO ； 控制块 ； 段地址 ； 域值 ； 中断向量 ； FOXPRO ； 存中 ； 打印设备 ；	本文章简明的介绍了有关内存控制块的组成和结构,陈述了有关内存释放的方法和原理,并附带TURBO PASCAL编写的源程序。	1994年02期_内存释放技术.pdf	http://sso.cdclib.org/interlibSSO/goto/6/=06190596Z93/kcms/detail/detail.aspx?dbCode=cjfq&filename=XDJS199402014&dbname=CJFD9498
对Kill61、63等彻底解密	电脑与微电子技术	1994	1994年02期	【作者】 晁永胜 ；	加密软件 ； 外部中断 ； Kill61 ； 时钟中断 ； PUSH ； 致命弱点 ； 单步 ； POP ； 处理程序 ； FIRST ；	<正> Kill是当前国内广泛使用的杀毒软件,使用时非常方便。但它的高版本却被加密,不能随意复制、安装,使得Kill在本单位的使用受到限制。目前发行的Kill都由Prolock加密,它采用的是激光加密原理,通过激光破坏介质,写入不可复制的指纹,以达到反复制的目的。为防止用户对加密软件进行跟踪,它用了约12K的代码进行反跟踪。在反跟踪时它采用了多种技术,(修改破坏单步断点中断,屏蔽外部中断,大循环、多分枝隐蔽,代码动态生成等),使得解密跟踪很难进行。尽管如此,它还是存在着致命弱点。	1994年02期_对Kill61、63等彻底解密.pdf	http://sso.cdclib.org/interlibSSO/goto/6/=06190596Z93/kcms/detail/detail.aspx?dbCode=cjfq&filename=XDJS199402015&dbname=CJFD9498
利用哈夫曼树压缩文件——哈夫曼树的超级压缩保存及恢复	电脑与微电子技术	1994	1994年02期	【作者】 朱卫清 ； 【机构】 四川联合大学(东区)经管系九零级 610064 ；	哈夫曼树 ； 压缩文件 ； compress ； 数据结构 ； 文件压缩 ； 压缩率 ； 数据库文件 ； 压缩效果 ； 二叉树 ； 参考图 ；	<正> 哈夫曼树是一种应用广泛的数据结构。在文件压缩中,根据各字符在文件中出现的频率不同(有的字符根本没出现),依照频率高,则编码长,频率低则编码短的原则对各字符重新进行编码,从而在总体上使文件长度缩短,达到压缩文件的目的。 笔者曾编过一个利用哈夫曼树压缩文件的程序(compress.c和uncompre.c)。它对数据库文件压缩率	1994年02期_利用哈夫曼树压缩文件——哈夫曼树的超级压缩保存及恢复.pdf	http://sso.cdclib.org/interlibSSO/goto/6/=06190596Z93/kcms/detail/detail.aspx?dbCode=cjfq&filename=XDJS199402016&dbname=CJFD9498
再谈修改PCTOOLS破解加密子目录	电脑与微电子技术	1994	1994年02期	【作者】 石琳 ； 【机构】 湖南大学计算机科学系 410082 ；	简单修改 ； PCTOOLS ； 段地址 ； POP ； 十六进制数 ； PUSH ； 程序段 ； 又文 ；	本文通过对PCTOOLS的详细分析和简单修改,提供了破解文件、子目录加密的原理及方法。	1994年02期_再谈修改PCTOOLS破解加密子目录.pdf	http://sso.cdclib.org/interlibSSO/goto/6/=06190596Z93/kcms/detail/detail.aspx?dbCode=cjfq&filename=XDJS199402017&dbname=CJFD9498
键盘接口损坏情况下的微机应急使用	电脑与微电子技术	1994	1994年02期	【作者】 赫建 ； 【机构】 第一汽车集团模具中心 ；	键盘接口 ； 故障现象分析 ； 状态指示灯 ； 开机自检 ； 损坏情况 ； 软件设置 ； 配置文件 ； WINDOWS ； 压缩软件 ； 批处理文件 ；	<正> 笔者使用的一台AST 486/25微机键盘接口曾两次损坏,故障现象为:开机自检通过,软盘或硬盘启动正常,键盘上三个状态指示灯亮灭循环,按键无反应,复位钮无效。最近一次出现故障时,因机器中有些信息需要改变和取出,笔者经过一番思考,采用了相应措施,成功地进行了应急使用,其思想方法和具体操作如下: 据故障现象分析,键盘接口自检通过,不影响其它外设。笔者首先想到了鼠标器,经试用发现鼠标器接口也受到了影响,改用串行接口鼠标器可以使用。	1994年02期_键盘接口损坏情况下的微机应急使用.pdf	http://sso.cdclib.org/interlibSSO/goto/6/=06190596Z93/kcms/detail/detail.aspx?dbCode=cjfq&filename=XDJS199402018&dbname=CJFD9498
安装C++软件一次成功的方法	电脑与微电子技术	1994	1994年02期	【作者】 萧炜 ； 【机构】 武汉钢铁学院 97#信箱 ；	软件安装 ； 令人头痛 ； 屏幕显示 ； 下半部 ； 安装状态 ； 后缀名 ； 文本编辑器 ；	<正> BORLAND公司的C语言软件,从版本2.0以后,规模愈来愈大,至BORLAND C++3.1版,已达18张高密软盘。该套软件装入硬盘,耗时近一个小时。如果出现差错,通常情况下必须重新从1号盘开始,令人头痛。为此,笔者分析了C++软件的安装过程,希望在发生错误时,能尽量少作工作,将软件安装好。 BORLAND C++在安装过程中,屏幕下半部显示	1994年02期_安装C++软件一次成功的方法.pdf	http://sso.cdclib.org/interlibSSO/goto/6/=06190596Z93/kcms/detail/detail.aspx?dbCode=cjfq&filename=XDJS199402019&dbname=CJFD9498
M2024打印机色带一条巧作三条用	电脑与微电子技术	1994	1994年02期	【作者】 赵炳跃 ； 【机构】 济南军区指挥自动化工作站 ；	色带盒 ； M2024 ； 带基 ； 故障率 ； 新型号 ； 弃之可惜 ； 速度比 ； 巧作 ； 三条 ； 中间部 ；	<正> M2024是国内引进较早的24针打印机。虽然速度比现在某些新型号的打印机显得慢一些,但由于质量稳定,故障率低,仍有大量的用户尚在使用。该机的色带相对较短,大约在5米左右,加之针径略粗,色带的寿命自然受到限制。如果碰上带基薄的劣质色带,打印数万汉字后便无法使用,弃之可惜,留之无用。再买一条新带又需10元钱,如何使旧带充分发挥作用呢? 为此,笔者对该机色带进行了分析。经测量后发	1994年02期_M2024打印机色带一条巧作三条用.pdf	http://sso.cdclib.org/interlibSSO/goto/6/=06190596Z93/kcms/detail/detail.aspx?dbCode=cjfq&filename=XDJS199402020&dbname=CJFD9498
FOXBASE+中多项选择菜单的使用	电脑与微电子技术	1994	1994年02期	【作者】 张新谊 ； 刘庆印 ； 孙求知 ；	FOXBASE ； 多项选择 ； 中项 ； DIME ； 建筑物理 ； 课程名称 ； BASIC ； 建筑绘画 ； 土力学 ； 理论力学 ；	<正> 用过PCTOOLS的用户,都会对PCTOOLS中方便实用的多项选择菜单留下深刻的印象。我们在编写实用程序时,也遇到了菜单的多项选择问题,但FOXBASE+中无论上弹菜单,还是下拉菜单,均未提供多项选择功能。为此,我们利用循环,巧妙地实现了此功能。 我们设计的思想是:首先把屏幕分为左右两部	1994年02期_FOXBASE+中多项选择菜单的使用.pdf	http://sso.cdclib.org/interlibSSO/goto/6/=06190596Z93/kcms/detail/detail.aspx?dbCode=cjfq&filename=XDJS199402021&dbname=CJFD9498
通用数据库全屏幕编辑在FoxBase中的实现	电脑与微电子技术	1994	1994年02期	【作者】 温长远 ； 【机构】 湖南省经济研究信息中心 410011 ；	数据库编辑 ； 通用性 ； 实用性 ；	本文介绍了一个类似SQLFORMS风格的通用FOXBASE全屏幕数据库编辑程序。本文还对数据库编辑软件的通用性和实用性进行了探讨,并给出了详细的源程序清单,程序实例在FOXBASE2.1下运行通过。	1994年02期_通用数据库全屏幕编辑在FoxBase中的实现.pdf	http://sso.cdclib.org/interlibSSO/goto/6/=06190596Z93/kcms/detail/detail.aspx?dbCode=cjfq&filename=XDJS199402022&dbname=CJFD9498
为FOXBASE增添丰富的色彩	电脑与微电子技术	1994	1994年02期	【作者】 曾宪安 ； 【机构】 湖北省公路局科研所 ；	管理系统 ； FOXBASE ； 汇编语言程序 ； 显示卡 ； 数模转换器 ； 色号 ； CALL ； 色值 ； 三基色 ； lease ；	<正> 目前国内PC机上管理系统大多数是用FOXBASE开发的,在应用FOXBASE进行管理系统开发时,用户常感到FOXBASE的颜色不够丰富。这是由于FOXBASE只能使用8种颜色,变来变去只能在这8种颜色中选择,难以设计出丰富的色彩。但现在用户使用的PC机绝大多数都是VGA或以上的显示器,那么能否在FOXBASE系统中,充分利用VGA显示器,	1994年02期_为FOXBASE增添丰富的色彩.pdf	http://sso.cdclib.org/interlibSSO/goto/6/=06190596Z93/kcms/detail/detail.aspx?dbCode=cjfq&filename=XDJS199402023&dbname=CJFD9498
显示放大字体的简易方法	电脑与微电子技术	1994	1994年02期	【作者】 刘昌斌 ； 【机构】 广西玉林地区建设银行电脑室 537000 ；	工资管理系统 ； 程序开发者 ； 程序设计者 ； 管理信息 ； BASIC ； 控制语句 ； 明度 ； 李红 ； 前景色 ； 控制码 ；	<正> 不少程序开发者愿望运行自己开发软件时,首先以“慢出慢入”的手法给用户显示几个光彩夺目大字,以便提高自己的知明度。如:欢迎你使用工资管理系统,程序设计者李红等。因此,程序员花了不少精力去用各种语言设计显示放大字体的程序。其实应用DBASEⅢ或BASIC语言设立的程序,在CCDOS2·13H汉字系统支持下就可简单地实现显示各种放大字体。	1994年02期_显示放大字体的简易方法.pdf	http://sso.cdclib.org/interlibSSO/goto/6/=06190596Z93/kcms/detail/detail.aspx?dbCode=cjfq&filename=XDJS199402024&dbname=CJFD9498
巧妙实现2.13H的特殊显示功能	电脑与微电子技术	1994	1994年02期	【作者】 薜强 ； 【机构】 济宁医学院附院 ；	显示功能 ； 功能设计 ； 吴晓军 ； 扫描线 ； 用户手册 ； 起始位置 ； 编程实践 ； BASIC ； PRINT ；	<正> 2.13H是一种深受广大用户喜爱的汉字操作系统,它强大的特殊显示功能,使其与其他汉字系统相比别具一格。利用该功能设计出的屏幕格式,可以使得划横线时不再占用一个汉字行,为我们在有限的屏幕上赢得了宝贵的空间。 熟悉2.13H的读者都知道,划这样的横线是利用CHR(14)来实现的。在由吴晓军先生亲自编写的《2.13系列汉字用户手册》中明确写道:使用特殊显示功	1994年02期_巧妙实现2.13H的特殊显示功能.pdf	http://sso.cdclib.org/interlibSSO/goto/6/=06190596Z93/kcms/detail/detail.aspx?dbCode=cjfq&filename=XDJS199402025&dbname=CJFD9498
压缩软件LHA的使用方法	电脑与微电子技术	1994	1994年02期	【作者】 宋祥彦 ； 【机构】 青岛电视机厂CAD工作站 ；	压缩软件 ； LHA ；	本文介绍了压缩软件LHA2.13的特点、功能及使用方法,并列举大量实例加以说明。	1994年02期_压缩软件LHA的使用方法.pdf	http://sso.cdclib.org/interlibSSO/goto/6/=06190596Z93/kcms/detail/detail.aspx?dbCode=cjfq&filename=XDJS199402026&dbname=CJFD9498
如何输出五笔字型汉字编码	电脑与微电子技术	1994	1994年02期	【作者】 李跃 ； 【机构】 锦州铁路分局锦州通信段 121000 ；	五笔字型 ； 汉字输入 ； 字处理软件 ； 直接打印 ； 打印输出 ； 编码区 ； PRINT ； CASE ； OPEN ； 二级字 ；	<正> 五笔字型是目前国内专业打字虽使用最多的汉字输入方法之一,已经拥有相当广泛的用户。虽然五笔字型具有较强的规律性,但是如何正确的将汉字拆分为字根,对许多初学者来说还不是一件容易的事情。为此我用QuickBASIC4.5编写了一个小程序,可以输出汉字的五笔字型编码,形成文本文件,使用者可用type命令直接打印,也可用各种字处理软件查询、打印输出,供初学者使用。	1994年02期_如何输出五笔字型汉字编码.pdf	http://sso.cdclib.org/interlibSSO/goto/6/=06190596Z93/kcms/detail/detail.aspx?dbCode=cjfq&filename=XDJS199402027&dbname=CJFD9498
WPS系统打印各种公式的方法	电脑与微电子技术	1994	1994年02期	【作者】 王佳星 ； 【机构】 河北大学数学系 保定 071002 ；	WPS设置 ； 输入公式顺序 ； 排版控制符 ；	本文展示了用高级文字处理系统WPS提供的各种控制输出格式及打印功能,打印出美观又规范的数学、化学公式。	1994年02期_WPS系统打印各种公式的方法.pdf	http://sso.cdclib.org/interlibSSO/goto/6/=06190596Z93/kcms/detail/detail.aspx?dbCode=cjfq&filename=XDJS199402028&dbname=CJFD9498
已故著名数学家华罗庚教授1984年为本刊创刊所作的题词	电脑与微电子技术	1994	1994年01期		数学家华罗庚 ； 回气 ；	WWgnWWMWMWWboho7toX6to6AnAn5tok6k6hohobohoM6M6AnWM6M6MtW9——*Xz’,回 吕 回二闰面山 飞回一乡’”了一 色 回气 互a_wwmwwwwmw————0以出冲N的0aWy————————OXgXgKgNgK————一一0问D刀腮侄已故著名数学家华罗庚教授1984年为本刊创刊所作的题词	1994年01期_已故著名数学家华罗庚教授1984年为本刊创刊所作的题词.pdf	http://sso.cdclib.org/interlibSSO/goto/6/=06190596Z93/kcms/detail/detail.aspx?dbCode=cjfq&filename=XDJS199401000&dbname=CJFD9498
主从式组合型通用油库管理系统研究	电脑与微电子技术	1994	1994年01期	【作者】 姚博文 ； 宋光辉 ； 沈保华 ；	主从式 ； 组合型 ； 计量精度 ； 抗干扰 ；	本文根据油库管理的要求和目前管理设备的发展情况,提出并研究了主从式组合型通用油库管理系统。所谓“主从式”是指系统的工作方式而言的而“组合型”是指系统的结构形式,它既可以单机工作,也可以多机工作,还可以构成中控方式的工作系统,即是说不同的工作要求可以用不同的组合形式来满足。文章中对通用油库管理系统的几个主要问题进行了较详细的分析和讨论,并提出了相应的解决方法。	1994年01期_主从式组合型通用油库管理系统研究.pdf	http://sso.cdclib.org/interlibSSO/goto/6/=06190596Z93/kcms/detail/detail.aspx?dbCode=cjfq&filename=XDJS199401001&dbname=CJFD9498
图形菜单鼠标器驱动设计	电脑与微电子技术	1994	1994年01期	【作者】 向兵 ； 陈星 ； 【机构】 四川大学无线电系 ； 四川大学电教中心 ；	人机对话 ； 图形菜单 ； 菜单条 ； 中断 ； 虚屏 ； 例程 ； 视频模式 ；	<正> 除键盘外,鼠标器(mouse)是微型计算机另一常用的输入设备。鼠标器以其方便快捷的定位功能,以及丰富的图形功能,为用户提供了一个实用的人机对话工具,因而得到越来越广泛的应用。 目前市场上提供了各种鼠标器接口,使用上大同小异。本文就最常用的IBM及Microsoft鼠标器,讨论其在图形菜单驱动中的编程应用。	1994年01期_图形菜单鼠标器驱动设计.pdf	http://sso.cdclib.org/interlibSSO/goto/6/=06190596Z93/kcms/detail/detail.aspx?dbCode=cjfq&filename=XDJS199401002&dbname=CJFD9498
Z80单板机在气象自动填图系统中作前台机的应用	电脑与微电子技术	1994	1994年01期	【作者】 杨帆 ； 【机构】 广西壮族自治区气象台 ；	单板机 ； Z80 ； 填图 ； ASCII ； 中断服务程序 ； 码制 ； 报警电路 ； 软件设计 ； 串行口 ； 传输速率 ；	气象自动填图系统由前台机、后台机和绘图机组成。在该系统中,Z80单板机作为前台机,其主要作用是实现多路报文的集中和预处理等功能,并将气象报文转换为ASCII码,再转发到后台机即IBM PC/XT机或其它兼容机。由后台PC/XT机将报文译出,并控制绘图机笔的移动和抬落,以实现自动填绘各种气象天气图。因此如何利用Z80单板机实现多路报文的集中处理,并对气象报文进行码制转换,即将国际电报2号码(CCIT＃2)或国内保护码转换成计算机能识别的ASCII码,是实现气象自动填图的基础。	1994年01期_Z80单板机在气象自动填图系统中作前台机的应用.pdf	http://sso.cdclib.org/interlibSSO/goto/6/=06190596Z93/kcms/detail/detail.aspx?dbCode=cjfq&filename=XDJS199401003&dbname=CJFD9498
王码480奇特死机故障的排除	电脑与微电子技术	1994	1994年01期	【作者】 刘世祥 ； 【机构】 湖北省利川市第一信息中心 ；	桌面系统 ； 文字编辑 ； 总线接口 ； 线口 ； 热启动 ； RESET ；	<正> 一台AST386/25机,内装王码480桌面系统,运行一年后,出现一奇特的死机故障。其现象表现为:进入文字编辑菜单,在软盘上编辑文件时,当编到第55行的尾部,且尾部输入的文字信息是“35％”时死机,而输入其它文字信息或直接在C盘上编辑文件,均不出现此类现象。 分析:从现象看,到第55行死机,好象是病毒干	1994年01期_王码480奇特死机故障的排除.pdf	http://sso.cdclib.org/interlibSSO/goto/6/=06190596Z93/kcms/detail/detail.aspx?dbCode=cjfq&filename=XDJS199401004&dbname=CJFD9498
计算机直接采样检测电气参数的方法	电脑与微电子技术	1994	1994年01期	【作者】 张炜 ； 【机构】 广东省电力局试验研究所计算机室 ；	电气参数 ； 直接采样 ； 数据处理 ； 数字滤波 ；	本文着重阐述电气参数(电网之电压、电流、有功及无功功率、功率因数等)的计算机直接交流采样检测原理及数据处理方法,并与现阶段普遍采用的经模拟变送器交流/直流转换后再采样的方法进行了性能与价格上的对比。其结论是显而易见的。	1994年01期_计算机直接采样检测电气参数的方法.pdf	http://sso.cdclib.org/interlibSSO/goto/6/=06190596Z93/kcms/detail/detail.aspx?dbCode=cjfq&filename=XDJS199401005&dbname=CJFD9498
用户自定义屏幕录入布局的方法	电脑与微电子技术	1994	1994年01期	【作者】 金海 ； 谢卫 ； 【机构】 华中理工大学计算机系 ； 华中理工大学计算机系 ；	用户自定义 ； 数据库设计 ； 信息系统设计 ； 结构数据库 ； CASE ； 调查阶段 ； 档案管理系统 ； 思想设计 ； PROM ； 前景色 ；	<正> 在使用Foxbase等进行管理信息系统设计时,其中经常要处理的功能之一就是数据登录。一般地,数据登录模块是由系统设计师在需求调查阶段根据用户的需求和数据库的内容进行屏幕设计和布局的,一旦设计好以后,用户就不能再对屏幕录入布局进行干预了。这样做大大限制了用户在使用系统时的灵活性和方便性,一个自然的想法就是在系统设计完以后,即用户在使用系统的过程当中能够对屏幕录入布局进行动态定义。本文提出了一种切实可行的实现方法。 我们对每个需要登录内容的数据库设计了一个	1994年01期_用户自定义屏幕录入布局的方法.pdf	http://sso.cdclib.org/interlibSSO/goto/6/=06190596Z93/kcms/detail/detail.aspx?dbCode=cjfq&filename=XDJS199401006&dbname=CJFD9498
Quick BASIC键盘绘图工具软件	电脑与微电子技术	1994	1994年01期	【作者】 杨建华 ； 【机构】 北京农业工程大学电力学院 ；	Quick BASIC ； 绘图工具 ； 绘图程序 ； 执行速度 ； 刘炳文 ； 绘图过程 ； 提示窗口 ； 前绘图 ； 方向键 ； 点坐标 ；	本文介绍了一个用Quick BASIC编制的键盘绘图程序,阐述了在绘图窗口中使用键盘模拟鼠标器的手段和光标的制作、使用方法,该绘图程序的主要功能也作了说明。文末附有源程序。	1994年01期_Quick+BASIC键盘绘图工具软件.pdf	http://sso.cdclib.org/interlibSSO/goto/6/=06190596Z93/kcms/detail/detail.aspx?dbCode=cjfq&filename=XDJS199401007&dbname=CJFD9498
给硬盘“贴上”写保护	电脑与微电子技术	1994	1994年01期	【作者】 戴水贵 ； 【机构】 南京工程兵工程学院计算机教研室 210007 ；	写保护 ； 软中断 ； 文件删除 ； 程序运行 ； 防病毒 ； 引导型病毒 ； 保护状态 ； 操作方法 ； 信号线 ； 感染型 ；	<正> 为了防病毒,人们首先想到的就是在软盘上贴上写保护！能否给硬盘也贴上写保护呢?回答是肯定的。但硬盘的写保护无法采用物理操作方法(除非把硬盘的写盘信号线挂起),而只能采用软件方法——把写硬盘的软中断口接管！ 笔者鉴于接管写硬盘软中断口这一思想,成功的用软件方法给硬盘“贴上”了写保护(程序清单见附)！当该程序运行后硬盘就被“贴上”了写保护。此后,所有对硬盘的写盘操作都无效,即无法把文件拷入硬盘,也无法把硬盘上的文件删除！但对软盘的写盘操	1994年01期_给硬盘“贴上”写保护.pdf	http://sso.cdclib.org/interlibSSO/goto/6/=06190596Z93/kcms/detail/detail.aspx?dbCode=cjfq&filename=XDJS199401008&dbname=CJFD9498
在西文DOS图形方式下实现高点阵汉字的快速显示方法	电脑与微电子技术	1994	1994年01期	【作者】 樊启柏 ； 【机构】 湖北荆门供电局 434500 ；	西文图形方式 ； 高点阵汉字 ； 快速显示 ；	本文阐述了在西文DOS图形方式下实现高点阵汉字快速显示的原理和方法,运用Turbo C++语言给出了实现该方法的程序。该方法不仅显示速度快,而且使用灵活方便,特别适用于工业实时控制系统方面图形软件的汉字处理。	1994年01期_在西文DOS图形方式下实现高点阵汉字的快速显示方法.pdf	http://sso.cdclib.org/interlibSSO/goto/6/=06190596Z93/kcms/detail/detail.aspx?dbCode=cjfq&filename=XDJS199401009&dbname=CJFD9498
XENIX下文本编辑命令的使用经验	电脑与微电子技术	1994	1994年01期	【作者】 洪余俊 ； 【机构】 湖南省衡阳市建设银行中心支行科技处 421001 ；	文本编辑 ； XENIX ； 出错信息 ； split ； 当前目录 ； Split ； 缺省 ； 字符数 ；	<正> 就象dos下的文本编辑命令edlin一样,多任务、多用户xenix操作系统也提供了一个功能更强、更具灵活性的文本编辑命令Vi命令。然而,也许读者没碰到,当一个文本文件太大或者行数太多时,用Vi命令进行编辑时,系统将会给出出错信息error。亦即无法使用Vi命令进行编辑。怎么办呢? 笔者通过实践摸索,解决了这一问题,其具体步骤如下: 一.使用split命令,将需要编辑的文本分解成若	1994年01期_XENIX下文本编辑命令的使用经验.pdf	http://sso.cdclib.org/interlibSSO/goto/6/=06190596Z93/kcms/detail/detail.aspx?dbCode=cjfq&filename=XDJS199401010&dbname=CJFD9498
扩展AutoCAD可配置绘图仪的一种方法	电脑与微电子技术	1994	1994年01期	【作者】 余正方 ； 【机构】 广州中山大学物理系 ；	ADI ； 绘图仪 ； 绘图指令 ； HP—GL语言 ； SK—GL语言 ；	本文介绍了一个用PC—BASIC编制的程序,可间接驱动绘图仪,用于扩展Auto-CAD软件可配置绘图仪,给出程序清单及具体绘图过程。	1994年01期_扩展AutoCAD可配置绘图仪的一种方法.pdf	http://sso.cdclib.org/interlibSSO/goto/6/=06190596Z93/kcms/detail/detail.aspx?dbCode=cjfq&filename=XDJS199401011&dbname=CJFD9498
谈用工具软件Disk Tools保护硬盘的方法	电脑与微电子技术	1994	1994年01期	【作者】 隋景明 ； 【机构】 山东省莱芜钢铁总厂自动化部 ；	Disk Tools ； 内存数据 ； Boot ； FORMAT ； 写保护 ； 主菜单 ； SETUP ； 部分信息 ； 灾难性故障 ； Rescue ；	<正> 大家知道,硬盘正常运行,最重要的信息至少包括以下三部份 1.硬盘分区表(Partition Tables):由FDISK程序命令所建立或修改; 2.根记录(Boot Records):由FORMAT程序命令所建立或修改; 3.CMOS内存数据值(CMOS Values):一般由SETUP设置或修改; 以上三部分信息,只要有一部分被更改,或意外丢失遭破坏,都将可能给硬盘的正常工作造成灾难性	1994年01期_谈用工具软件Disk+Tools保护硬盘的方法.pdf	http://sso.cdclib.org/interlibSSO/goto/6/=06190596Z93/kcms/detail/detail.aspx?dbCode=cjfq&filename=XDJS199401012&dbname=CJFD9498
再谈EGA/VGA图形屏幕的瞬间恢复	电脑与微电子技术	1994	1994年01期	【作者】 杨志新 ； 【机构】 湖南省经济研究信息中心 410011 ；	瞬间恢复 ； 屏幕开关 ； VRAM ；	本文介绍了一种EGA/VGA图形屏幕的快速恢复方法,首先关闭显示屏幕,然后从图形文件中直接将位图数据读至对应位平面VRAM,再打开图形屏幕,产生瞬间弹出画面。本文所介绍的程序在联想286、AST 386 TVGA(SVGA)显示器上通过。	1994年01期_再谈EGA+VGA图形屏幕的瞬间恢复.pdf	http://sso.cdclib.org/interlibSSO/goto/6/=06190596Z93/kcms/detail/detail.aspx?dbCode=cjfq&filename=XDJS199401013&dbname=CJFD9498
VGA图像亮度的软件调节方法	电脑与微电子技术	1994	1994年01期	【作者】 丁承民 ； 【机构】 西安交通大学信控系 ；	灰度 ； VGA卡 ； 寄存器 ；	本文介绍了一种VGA图像亮度的软件调节方法并给出了实现的函数。	1994年01期_VGA图像亮度的软件调节方法.pdf	http://sso.cdclib.org/interlibSSO/goto/6/=06190596Z93/kcms/detail/detail.aspx?dbCode=cjfq&filename=XDJS199401014&dbname=CJFD9498
DOS版本的升级与汉字系统的兼容性	电脑与微电子技术	1994	1994年01期	【作者】 杨志新 ； 【机构】 湖南省经济研究信息中心 410011 ；	MS DOS 5.0 ； 汉字系统 ； UCDO 1.0 ；	本文介绍了低版本DOS用户的简单升级,并分折了高版本DOS(MS DOS 5.0)与汉字系统的兼容性问题,着重讨论了UCDOS 1.0改动的方法。	1994年01期_DOS版本的升级与汉字系统的兼容性.pdf	http://sso.cdclib.org/interlibSSO/goto/6/=06190596Z93/kcms/detail/detail.aspx?dbCode=cjfq&filename=XDJS199401015&dbname=CJFD9498
DISKREET—磁盘数据保护工具的使用	电脑与微电子技术	1994	1994年01期	【作者】 严煜 ； 【机构】 江苏省仪征化纤工业联合公司图书馆 211451 ；	DISKREET ； 数据保护 ； 用户界面 ； 加锁 ； 数据安全性 ； 文件加密 ； 加密文件 ； 加密速度 ； 加密算法 ； 加密操作 ；	<正> Norton Utilities(以下简称NU)是广大微机用户经常使用的磁盘工具软件包。它以良好的用户界面和强大的功能,深受我们的喜爱。大家谈到它时大都提到优秀的NDD(磁盘医生),但对NU中具有强大的磁盘保护功能的工具—DISKREET,却很少有对它进行介绍的文章。在这里,笔者就把自己在长期使用DISKREET中的一些经验及体会,介绍给广大同仁。 大家知道,在计算机的使用中,磁盘加锁是提高数据安全性的一种很好的方法。这也是使很大计算机	1994年01期_DISKREET—磁盘数据保护工具的使用.pdf	http://sso.cdclib.org/interlibSSO/goto/6/=06190596Z93/kcms/detail/detail.aspx?dbCode=cjfq&filename=XDJS199401016&dbname=CJFD9498
仿真RESET键的实现	电脑与微电子技术	1994	1994年01期	【作者】 梁波 ； 冯刚 ； 【机构】 南京大学国际商学院 ； 南京大学固体所 ；	RESET ； 主机电源 ； 开关电源 ； 热启动 ； 引导系统 ； 下都 ； PASCAL ； 操作过程 ； 中断向量 ； Screen ；	<正> 目前,多数286以上档次微机的机箱上都设有RESET键,该键功能介于冷启动与热启动之间。它既能象冷启动那样,使机器经过自检再引导系统,又具有热启动不需开关电源的特点。因此,RESET键显示出了以下优点: 1、我们在操作过程中都遇到过死机的情况,有时键盘被封锁,热启动不能执行,而RESET在任何状况下都可重新引导操作系统; 2、多次的开关电源,首先会影响主机电源的寿命,	1994年01期_仿真RESET键的实现.pdf	http://sso.cdclib.org/interlibSSO/goto/6/=06190596Z93/kcms/detail/detail.aspx?dbCode=cjfq&filename=XDJS199401017&dbname=CJFD9498
如何在WINDOWS环境中灵活设置肖像(ICON)	电脑与微电子技术	1994	1994年01期	【作者】 严煜 ； 【机构】 江苏省仪征市仪征化纤工业联合公司图书馆 211451 ；	WINDOWS ； ICON ； 图形窗口 ； 操作环境 ； 操作命令 ； 数据链接 ； 应用程序 ； 命令行 ； 编辑程序 ； 处理程序 ；	<正> 著名的美国MICRO SOFT微软公司推出的WIN-DOWS 3.X图形窗口操作环境,使得PC机的面目焕然一新。它使我们在一种全新、漂亮的图形操作界面下,通过对诸如“对话”、“肖像”、“菜单”等图形画面和符号的操作来完成各种作业对计算机的操作,不必象在DOS操作系统中那样去记忆各种生僻、陌生的操作命令。同时WINDOWS还能突破DOS在性能上的许多局限,如多任务的执行与切换、动态数据链接等等,而肖像(ICON)则是实现以上功能的最直接的办	1994年01期_如何在WINDOWS环境中灵活设置肖像(ICON).pdf	http://sso.cdclib.org/interlibSSO/goto/6/=06190596Z93/kcms/detail/detail.aspx?dbCode=cjfq&filename=XDJS199401018&dbname=CJFD9498
在高内存区运行程序的方法、技巧和实例	电脑与微电子技术	1994	1994年01期	【作者】 黄焕如 ； 【机构】 江西拖拉机发动机厂 ；	内存 ； EMS ； XMS ； HMA ； UMB ；	本文详细介绍了在高内存区运行程序的方法,说明了常用的部分参数对节省常规内存的具体数值,指明了适合在高内存区运行的DOS外部命令,最后并列举了常用的2.13H、UCDOS、WPS和倚天汉字系统在高内存区运行的具体实例。	1994年01期_在高内存区运行程序的方法、技巧和实例.pdf	http://sso.cdclib.org/interlibSSO/goto/6/=06190596Z93/kcms/detail/detail.aspx?dbCode=cjfq&filename=XDJS199401019&dbname=CJFD9498
磁盘文件损坏的抢救步骤	电脑与微电子技术	1994	1994年01期	【作者】 严居济 ； 【机构】 上海汽车电器总厂 ；	磁盘文件 ； 文件分配 ； 件目 ； FORMAT ； 信息存放 ； 文件属性 ； 转移指令 ； EDIT ； 十进制数 ； 链表 ；	<正> 从事计算机工作,必须掌握磁盘的基本结构,以及诸如磁盘文件损坏后的迅速恢复与抢救步骤。目前国内微机大量使用的是360K,1.2M和1.44M软磁盘,现仅从实用角度出发谈一下此类磁盘文件损坏的恢复与抢救步骤。	1994年01期_磁盘文件损坏的抢救步骤.pdf	http://sso.cdclib.org/interlibSSO/goto/6/=06190596Z93/kcms/detail/detail.aspx?dbCode=cjfq&filename=XDJS199401020&dbname=CJFD9498
空心汉字的显示一例	电脑与微电子技术	1994	1994年01期	【作者】 周苏峡 ； 【机构】 宜昌市财贸学校 443000 ；	边界点 ； 空心字 ； 模结构 ； 一吾 ；	本文通过先读取汉字字模,然后用对各字模中汉字字型的边界点显示,而非边界点不显示的方法,来达到显示空心汉字的效果,文末给出一实例,显示出45×48点阵空心汉字。该程序使用Turbo C 2.0编译,在PC/XT、286、386及兼容机上运行通过。	1994年01期_空心汉字的显示一例.pdf	http://sso.cdclib.org/interlibSSO/goto/6/=06190596Z93/kcms/detail/detail.aspx?dbCode=cjfq&filename=XDJS199401021&dbname=CJFD9498
在 FOXBASE中实现旋转式清屏	电脑与微电子技术	1994	1994年01期	【作者】 陈彦昌 ； 【机构】 山东经济管理干部学院 ；	清除工作 ； 开门式 ； 跳跃感 ； 关门式 ； FOXBASE ； 内部使用 ； 全部清除 ； 时用 ； 提拉 ；	<正> 使用FOXBASE所提供的CLEAR命令,可以实现屏幕的清除工作,既可以全部清除,也可以只清某一部分;在程序模块的内部使用这种方式是很方便的,但在一个程序模块开始运行时用这种方式清屏,则显得过于单调,不醒目,使得用户对整个操作有跳跃感。为此,笔者曾开发了“开门式”、“关门式”以及“闸门提拉式”清屏方法,克服了上述缺点,但同时感到这些方式还不尽人意,因此,通过对CLEAR命令的巧妙使用,实现了一种旋转武艺术清屏方式,用在	1994年01期_在+FOXBASE中实现旋转式清屏.pdf	http://sso.cdclib.org/interlibSSO/goto/6/=06190596Z93/kcms/detail/detail.aspx?dbCode=cjfq&filename=XDJS199401022&dbname=CJFD9498
TURBO BASIC使用的一些技巧	电脑与微电子技术	1994	1994年01期	【作者】 陈星 ； 刘正熙 ； 【机构】 四川大学工程技术学院 ； 四川大学电气工程系 ；	TURBO BASIC ； 高分辩率显示器 ； 屏幕模式 ； 汉字 ； 坐标 ； 行 ； 列 ；	BASIC是世界上最流行的计算机语言。而TURBO BASIC既像地道的BASIC那样容易学习,同时具有像PASCAL和C这样“严肃”的语言的基本控制结构和能力,所以得到了广泛的应用。但如同人都有个性和缺点一样,TURBO BASIC也有它的特点,同时还有一些小毛病,其中许多是无法从TURBO BASIC的手册和技术资料中查到,却常常给使用者造成一些莫名其妙的麻烦,特别是对初学者而言。本文是笔者长期使用TURBO BASIC的一些经验。	1994年01期_TURBO+BASIC使用的一些技巧.pdf	http://sso.cdclib.org/interlibSSO/goto/6/=06190596Z93/kcms/detail/detail.aspx?dbCode=cjfq&filename=XDJS199401023&dbname=CJFD9498
FOXPRO2.0的下拉弹出式菜单的使用和实例	电脑与微电子技术	1994	1994年01期	【作者】 黄焕如 ； 【机构】 江西拖拉机发动机厂 ；	弹出式菜单 ； FOXPRO2.0 ； 菜单项 ； Foxpro ； 主菜单 ； 选择项 ； 可扩充性 ； 综合查询 ； 弹出菜单 ； 键码 ；	<正> Foxpro2·0是Fox Software公司推出的数据库应用系列的杰出软件,其良好的图形界面、窗口功能、多种编译器、重定义键盘以及快速索引等功能,深受用户欢迎,尤其是下拉弹出式菜单,设计和使用都十分方便。其主要命令有: 1、DEFINE MENU<菜单名> 该命令用来生成一个下拉弹出式菜单,主菜单是	1994年01期_FOXPRO2.0的下拉弹出式菜单的使用和实例.pdf	http://sso.cdclib.org/interlibSSO/goto/6/=06190596Z93/kcms/detail/detail.aspx?dbCode=cjfq&filename=XDJS199401024&dbname=CJFD9498
微机软盘驱动器写保护信号故障的排除一例	电脑与微电子技术	1994	1994年01期	【作者】 杨文坚 ；	写保护 ； 软盘驱动器 ； 信号故障 ； 盘片 ； 故障分析 ； 屏幕显示 ； writing ； protect ； 发光二极管 ； 信号电路 ；	<正> 故障现象:软盘驱动器A读软盘正常,但写软盘时总是无法完成,屏幕显示提示错误信息: Write protect error writing drive A Abort,Retry,Fail? 故障分析与排除过程: 1、该盘片并没有贴上写保护标签,初步判断可能是软盘驱动器或者盘片的问题。 2、将软盘驱动器中的盘片更换	1994年01期_微机软盘驱动器写保护信号故障的排除一例.pdf	http://sso.cdclib.org/interlibSSO/goto/6/=06190596Z93/kcms/detail/detail.aspx?dbCode=cjfq&filename=XDJS199401025&dbname=CJFD9498
如何将TURBO C++的各种矢量字体嵌入程序中	电脑与微电子技术	1994	1994年01期	【作者】 杨戈 ； 彭艳红 ； 【机构】 郑州解放军电子技术学院 ； 郑州解放军电子技术学院 ；	TURBO C ； 矢量字体 ； 图形库 ； 文本属性 ； 目标代码 ； 系统提示符 ； 参数项 ； 当前目录 ； 量宇 ； 日标 ；	本文简单明了地叙述了如何将用户程序所需用的各种矢量字体嵌入到用户执行程序中的具体步骤、方法。	1994年01期_如何将TURBO+C++的各种矢量字体嵌入程序中.pdf	http://sso.cdclib.org/interlibSSO/goto/6/=06190596Z93/kcms/detail/detail.aspx?dbCode=cjfq&filename=XDJS199401026&dbname=CJFD9498
在FOXBASE+中实现方便直观的简单表格输入	电脑与微电子技术	1994	1994年01期	【作者】 梁淘 ； 【机构】 福建机电学校 ；	软件过程 ； 修改数据 ； FOXBASE ； 教务管理 ； 标题栏 ； 格式数据 ； 编辑方式 ； 编制管理 ； EDIT ； 一屏 ；	<正> 一、问题提出: 在编制管理软件过程中,少不了输入原始数据的功能,该功能编制的好坏,直接影响到本软件与用户之间的关系,本人在编制教务管理软件时就切身体会到这一点。如在输入表格式数据过程中,时常希望把标题栏固定在屏幕上方,而下面能逐行输入栏目的内容,并且又能灵活移动光标和修改数据而不把栏目卷出屏幕,FOXBASE+虽然提供了多种的编辑方式但都达不到上述要求。如利用版式文件(.FMT文件)事先定义输入格式再用EDIT进行编辑,但它一屏只能编辑一条记录,并无法随时进行增、删记录;还有利用BROW命令虽然能实现全屏幕编辑方式,但其显示的	1994年01期_在FOXBASE+中实现方便直观的简单表格输入.pdf	http://sso.cdclib.org/interlibSSO/goto/6/=06190596Z93/kcms/detail/detail.aspx?dbCode=cjfq&filename=XDJS199401027&dbname=CJFD9498
微机开关电源常见故障三点检测法	电脑与微电子技术	1994	1994年01期	【作者】 王成义 ； 杨戈 ； 【机构】 河南郑州解放军电子技术学院 ； 河南郑州解放军电子技术学院 ；	开关电源 ； 电源工作 ； 保护电路 ； 低通滤波电路 ； 开关型 ； 电路构成 ； 微型计算机系统 ； RESET ； 控制电路 ； 损坏率 ；	<正> 微型计算机系统中所使用的电源均为开关控制型稳压电源。具有体积小、重量轻、效率高的优点,被广泛地用于各种微机内。由于电源工作在高电压下,所以它的损坏率较之其它部件比较高。开关型稳压电源主要由输入电路、主变换电路、控制电路、保护电路及主机启动(RESET)电路构成。 输入电路由抗电网干扰的低通滤波电路和桥式	1994年01期_微机开关电源常见故障三点检测法.pdf	http://sso.cdclib.org/interlibSSO/goto/6/=06190596Z93/kcms/detail/detail.aspx?dbCode=cjfq&filename=XDJS199401028&dbname=CJFD9498
用WS修改YX1.COM建立所需预选字表	电脑与微电子技术	1994	1994年01期	【作者】 苟蔚勇 ； 【机构】 宁夏灵武马家滩炼油厂生产技术科 ；	编辑工具 ； 字串 ； ASCII ； 换行 ； WS ； YX1.COM ； 常用汉字 ； 键盘输入 ； 常用字表 ； 中字 ；	<正> WS等字编辑工具一般只能编辑键盘输入的字符,即ASCII值33～127和161～254所对应的ASCII字符。COM、EXE文件包含的一些字符字编辑工具难以处理,如值为12的ASCII码为清屏、值为10的ASCII码为换行、值为9的ASCII码为声响,无法显示,也就无从修改;COM、EXE文件也包含显示说明字串部分,则是可以显示、编辑的。我们保留COM、EXE文件中字编辑工具难以处理的部分,将显示说明字串部分用WS修改后再并入原COM、EXE文件,就完成对显示说明字串部分的修改。 2.13H汉字系统具有预选字表功能,将一些常用汉字或字符组成一个预选字表文件YX1.COM,启动时一起	1994年01期_用WS修改YX1.COM建立所需预选字表.pdf	http://sso.cdclib.org/interlibSSO/goto/6/=06190596Z93/kcms/detail/detail.aspx?dbCode=cjfq&filename=XDJS199401029&dbname=CJFD9498
长城GW—60OC型彩显关机出现亮点故障维修一例	电脑与微电子技术	1994	1994年01期	【作者】 王晓瑞 ； 【机构】 内蒙古赤峰市红山区市政设施所 024000 ；	GW ； OC ； 行输出变压器 ； 彩显 ； 截止状态 ； 亮度调节 ； 电路元件 ； 电压降 ； 负电压 ； 泄放 ；	<正> 故障现象:关机数秒后屏幕中心出现亮点。 故障分析:从现象上看肯定为消亮点电路元件故障。找到一份GW-500型电路图,从原理分析得知,当开机工作时,Q310导通处于饱和状态,为显象管G1(一栅)提供-27V-48V的亮度调节通路。当关机时,Q310be结断电,管子处于截止状态;而D404从FBT(行输出变压器)5脚取得的-190V电压充于C425电	1994年01期_长城GW—60OC型彩显关机出现亮点故障维修一例.pdf	http://sso.cdclib.org/interlibSSO/goto/6/=06190596Z93/kcms/detail/detail.aspx?dbCode=cjfq&filename=XDJS199401030&dbname=CJFD9498
用当前日期(时间)作文件名创建数据文件	电脑与微电子技术	1994	1994年01期	【作者】 李向前 ； 【机构】 中山大学物理系电介质室 ；	当前日期 ； 数据文件 ； 智能化仪器 ； 测量过程 ； TURBO ； 键盘输入 ； 文件内容 ；	<正> 在智能化仪器YD Ⅲ型量热仪测量过程中,自动创建的数据文件最好能从文件名反映出文件建立的时间和先后次序。这样必须调出系统日期(或时间)作为文件名,扩展名可用来表示当日测量的次数,它的建立由仪器自动完成。下面清单是实现该过程程序的简化。通过调用BIOS 1AH中断的04号功能从系统取出当前日	1994年01期_用当前日期(时间)作文件名创建数据文件.pdf	http://sso.cdclib.org/interlibSSO/goto/6/=06190596Z93/kcms/detail/detail.aspx?dbCode=cjfq&filename=XDJS199401031&dbname=CJFD9498
